,Base 2,Base 3,Base 4,Base 5,Base 6,Base 7,Base 8,Base 9,Base 10,Base 11,Base 12,Base 13,Base 14,Base 15,Base 16,Base 17,Base 18,Base 19,Base 20,Base 21,Base 22,Base 23,Base 24,Base 25,Base 26,Base 27,Base 28,Base 29,Base 30,Base 31,Base 32,Base 33,Base 34,Base 35,Base 36,Base 37,Base 38,Base 39,Base 40,Base 41,Base 42,Base 43,Base 44,Base 45,Base 46,Base 47,Base 48,Base 49,Base 50,Base 51,Base 52,Base 53,Base 54,Base 55,Base 56,Base 57,Base 58,Base 59,Base 60,Base 61,Base 62,Base 63,Base 64
2^-0,1,1,1,1,1,1,1,1,1,1,1,1,1,1,1,1,1,1,1,1,1,1,1,1,1,1,1,1,1,1,1,1,1,1,1,1,1,1,1,1,1,1,1,1,1,1,1,1,1,1,1,1,1,1,1,1,1,1,1,1,1,1,1
2^-1,0.1,0.111111111111111111111111111111111,0.2,0.2222222222222222222222,0.3,0.333333333333333333,0.4,0.4444444444444444,0.5,0.555555555555555,0.6,0.66666666666666,0.7,0.7777777777777,0.8,0.888888888888,0.9,0.999999999999,0.A,0.AAAAAAAAAAAA,0.B,0.BBBBBBBBBBB,0.C,0.CCCCCCCCCCC,0.D,0.DDDDDDDDDDD,0.E,0.EEEEEEEEEE,0.F,0.FFFFFFFFFF,0.G,0.GGGGGGGGGG,0.H,0.HHHHHHHHHH,0.I,0.IIIIIIIIII,0.J,0.JJJJJJJJJJ,0.K,0.KKKKKKKKK,0.L,0.LLLLLLLLL,0.M,0.MMMMMMMMM,0.N,0.NNNNNNNNN,0.O,0.OOOOOOOOO,0.P,0.PPPPPPPPP,0.Q,0.QQQQQQQQQ,0.R,0.RRRRRRRRR,0.S,0.SSSSSSSSS,0.T,0.TTTTTTTTT,0.U,0.UUUUUUUU,0.V,0.VVVVVVVV,0.W
2^-2,0.01,0.02020202020202020202020202020202,0.1,0.1111111111111111111111,0.13,0.151515151515151515,0.2,0.2222222222222222,0.25,0.282828282828282,0.3,0.33333333333333,0.37,0.3B3B3B3B3B3B3,0.4,0.444444444444,0.49,0.4E4E4E4E4E4E,0.5,0.555555555555,0.5B,0.5H5H5H5H5H5,0.6,0.66666666666,0.6D,0.6K6K6K6K6K6,0.7,0.7777777777,0.7F,0.7N7N7N7N7N,0.8,0.8888888888,0.8H,0.8Q8Q8Q8Q8Q,0.9,0.9999999999,0.9J,0.9T9T9T9T9T,0.A,0.AAAAAAAAA,0.AL,0.AWAWAWAWA,0.B,0.BBBBBBBBB,0.BN,0.BZBZBZBZB,0.C,0.CCCCCCCCC,0.CP,0.CcCcCcCcC,0.D,0.DDDDDDDDD,0.DR,0.DfDfDfDfD,0.E,0.EEEEEEEEE,0.ET,0.EiEiEiEiE,0.F,0.FFFFFFFF,0.FV,0.FlFlFlFl,0.G
2^-3,0.001,0.01010101010101010101010101010101,0.02,0.0303030303030303030303,0.043,0.060606060606060606,0.1,0.1111111111111111,0.125,0.141414141414141,0.16,0.18181818181818,0.1A7,0.1D1D1D1D1D1D1,0.2,0.222222222222,0.249,0.272727272727,0.2A,0.2D2D2D2D2D2D,0.2GB,0.2K2K2K2K2K2,0.3,0.33333333333,0.36D,0.3A3A3A3A3A3,0.3E,0.3I3I3I3I3I,0.3MF,0.3R3R3R3R3R,0.4,0.4444444444,0.48H,0.4D4D4D4D4D,0.4I,0.4N4N4N4N4N,0.4SJ,0.4Y4Y4Y4Y4Y,0.5,0.555555555,0.5AL,0.5G5G5G5G5,0.5M,0.5S5S5S5S5,0.5YN,0.5f5f5f5f5,0.6,0.666666666,0.6CP,0.6J6J6J6J6,0.6Q,0.6X6X6X6X6,0.6eR,0.6m6m6m6m6,0.7,0.777777777,0.7ET,0.7M7M7M7M7,0.7U,0.7c7c7c7c,0.7kV,0.7t7t7t7t,0.8
2^-4,0.0001,0.00120012001200120012001200120012,0.01,0.0124012401240124012401,0.0213,0.030303030303030303,0.04,0.0505050505050505,0.0625,0.076207620762076,0.09,0.0A740A740A740A,0.0C37,0.0E0E0E0E0E0E,0.1,0.111111111111,0.1249,0.13AD13AD13AD,0.15,0.16BH16BH16BH,0.185B,0.1A1A1A1A1A1,0.1C,0.1E1E1E1E1E1,0.1G6D,0.1IF51IF51IF,0.1L,0.1NG91NG91N,0.1Q7F,0.1T1T1T1T1T,0.2,0.2222222222,0.248H,0.26JO26JO26,0.29,0.2BKU2BKU2B,0.2E9J,0.2H2H2H2H2H,0.2K,0.2N2N2N2N2,0.2QAL,0.2TO82TO82,0.2X,0.2aPE2aPE2,0.2eBN,0.2i2i2i2i2,0.3,0.333333333,0.36CP,0.39SZ39SZ3,0.3D,0.3GTh3GTh3,0.3KDR,0.3O3O3O3O3,0.3S,0.3W3W3W3W3,0.3aET,0.3eXB3eXB3,0.3j,0.3nYJ3nYJ,0.3sFV,0.3x3x3x3x,0.4
2^-5,0.00001,0.00021121000211210002112100021121,0.002,0.0034231200342312003423,0.01043,0.013501350135013501,0.02,0.0247024702470247,0.03125,0.038659310386593,0.046,0.05386BA205386B,0.061A7,0.070707070707,0.08,0.090909090909,0.0A249,0.0B56A1EG0B56,0.0CA,0.0DG8B35J0DG8,0.0F2GB,0.0GC50GC50GC,0.0I,0.0JD70JD70JD,0.0L36D,0.0ML2E97G0ML,0.0OE,0.0Q84FBMJ0Q,0.0S3MF,0.0U0U0U0U0U,0.1,0.1111111111,0.1248H,0.139TIKRC13,0.14I,0.15SXJOAF15,0.174SJ,0.18KS18KS18,0.1A,0.1BLW1BLW1,0.1D5AL,0.1EXPMaC41,0.1GM,0.1ICTNeZ71,0.1K5YN,0.1M1M1M1M1,0.1O,0.1Q1Q1Q1Q1,0.1S6CP,0.1UEHR4dh1,0.1WQ,0.1YfLS8Em1,0.1b6eR,0.1dTC1dTC1,0.1g,0.1iUG1iUG1,0.1l7ET,0.1nk5VKGZ1,0.1qU,0.1tH9WOle,0.1w7kV,0.1z1z1z1z,0.2
2^-6,0.000001,0.00010210111220220001021011122022,0.001,0.0014340322421131001434,0.003213,0.0052341600523416,0.01,0.0123456801234568,0.015625,0.0198847057432A1,0.023,0.028435B7691A9C,0.030C37,0.037B037B037B,0.04,0.048D048D048D,0.051249,0.05C350GH9F2C,0.065,0.06IEG1D9AH84,0.07C85B,0.0862BJHE086,0.09,0.09J3CM6G09J,0.0AEG6D,0.0BAEKI3LDOO,0.0C7,0.0D427KB9ER,0.0E1Q7F,0.0F0F0F0F0F,0.0G,0.0H0H0H0H0H,0.0I248H,0.0J4W9ADNI1,0.0K9,0.0LEGSC57J2,0.0MLE9J,0.0NTXK4AE0N,0.0P,0.0QAaL5VG,0.0RNQAL,0.0ScCWdRNM,0.0UB,0.0VSbBge3N,0.0X2eBN,0.0YOB0YOB,0.0a,0.0bPD0bPD,0.0d36CP,0.0eWYDRjLQ,0.0gD,0.0hlAeUXoR,0.0jUKDR,0.0lEXSJg6,0.0n,0.0ohaTMF8,0.0qWaET,0.0sN2jA8HU,0.0uF,0.0w8ZGCNo,0.0y3sFV,0.0+0+0+0+,0.1
2^-7,0.0000001,0.00001220020221221112010120211011,0.0002,0.0004420133433040223214,0.0014043,0.0024520633611543,0.004,0.0056227845116734,0.0078125,0.00A44235837715,0.0116,0.0142195A34754C,0.01761A7,0.01B5793D01B57,0.02,0.02468ACF0246,0.029A249,0.02FB29HI4H16,0.032A,0.039780H4FJ42,0.03H42GB,0.04315L8IBFE,0.04C,0.04M1INFKCH9,0.057836D,0.05IKNMFAKCC,0.063E,0.06GFIA5J7D,0.070S3MF,0.07FN07FN07,0.08,0.08GP08GP08,0.091248H,0.09JXM56T9,0.0A4I,0.0APQWOL3S1,0.0BAQ4SJ,0.0BYGTLOQJV,0.0CK,0.0D5IANFSK,0.0DWY5AL,0.0EJ6GJZBW,0.0F5M,0.0Faf5hgOB,0.0GOK5YN,0.0HC5NeZT,0.0I,0.0Ib6OhCV,0.0JQS6CP,0.0KGH6dMaD,0.0L6Q,0.0Lo5KFGpe,0.0MgA6eR,0.0NYiE9mUR,0.0OS,0.0PLkhB7WS,0.0QGI7ET,0.0RBUq548i,0.0S7U,0.0T4HcagP,0.0U1w7kV,0.0V0V0V0V,0.0W
2^-8,0.00000001,0.000002211212221102021200212201201,0.0001,0.0002210041441242334104,0.00050213,0.001224365164062133,0.002,0.0027558422507816,0.00390625,0.005221184193625,0.0069,0.0087749518A28C,0.00AA0C37,0.00D2B496785A3,0.01,0.0123456789AB,0.014E1249,0.017F14I928A3,0.01B5,0.01F3EAJ27K21,0.01JD185B,0.021C2M495J7,0.026,0.02B0LO7MIL4,0.02GH1G6D,0.02MNPB7INJJ,0.031L,0.0387NJH9I6,0.03FE1Q7F,0.03NBFJ7R03,0.04,0.048CGKOT04,0.04HI248H,0.04RGSK3EM,0.0529,0.05CVYUT1WJ,0.05OD2E9J,0.05aRYAVWTF,0.06A,0.06N95BSEA,0.06bH2QAL,0.079OTVHRG,0.07OX,0.07eh2iLC5,0.08CA2eBN,0.08TQBhfEN,0.09,0.09IRak6FO,0.09cE36CP,0.0A88SjBI6,0.0ATD,0.0ApTA7YqK,0.0BL53KDR,0.0BinYWOFD,0.0CE,0.0CdNLY3ig,0.0D893aET,0.0DZFQ2VXp,0.0E3j,0.0EWdJILC,0.0F0y3sFV,0.0FVl0FVl,0.0G
2^-9,0.000000001,0.0000011021022220121221001022121,0.00002,0.0001102243220343414302,0.000231043,0.000445532432031051,0.001,0.0013728655703853,0.001953125,0.002666097647312,0.00346,0.0043A2490AB7AC,0.0055061A7,0.0068D24AB42C9,0.008,0.009A22BC44DE,0.00B70A249,0.00D7A294ADEB,0.00FCA,0.00I1HFK13KBB,0.00KHBF2GB,0.010HCMDG2L3,0.013,0.015CNC3NLN2,0.0188DL36D,0.01BBQ5H9BN9,0.01EOE,0.01IIBO8J93,0.01MM0S3MF,0.01R5N9JDFH,0.02,0.02468ACEGI,0.028Q1248H,0.02DPVRJ7B,0.02J4I,0.02OYHFEJG9,0.02V6K74SJ,0.02bXH5FZY7,0.035,0.03BP2QE75,0.03ITMD5AL,0.03QCEb8Z8,0.03YGM,0.03gi1MASP,0.04651K5YN,0.04EaTLi7B,0.04O,0.04XcIN37a,0.04i71S6CP,0.0544EMV93,0.05EWQ,0.05Pf53hqa,0.05bTSb6eR,0.05nqHGC7Y,0.067,0.06JeAjUML,0.06X4Ul7ET,0.06l7gUjGt,0.071qU,0.07GJe9Aa,,0.07lNVdFt,0.08
2^-10,0.0000000001,0.000000201012222121022200012221011,0.00001,0.0000301121332421432123,0.0001133213,0.000222614551014024,0.0004,0.0006358772801871,0.0009765625,0.001333049323706,0.00183,0.0021B78B055A56,0.0029730C37,0.0034689CD2164,0.004,0.004D99E6226F,0.005C951249,0.006D514BEG75,0.007G5,0.0090J7KB1KG5,0.00A8GIC85B,0.00BK6B6JCM1,0.00DC,0.00F6BIEBNBD,0.00H46NEG6D,0.00J5QG8I5P4,0.00LC7,0.00NNKC49J1,0.00QB0E1Q7F,0.00T2R4P6N8,0.01,0.0123456789,0.014D0I248H,0.016UFV9L5H,0.019K9,0.01CH8Q79QN,0.01FMA3LE9J,0.01Ia8M7bH3,0.01MK,0.01QCLXRO2,,0.01YRSe4HP,0.01d8B,0.01hiNB5EC,,0.027IEYM3T,0.02C,0.02GhXa1SI,,0.02RRWaf4R,0.02XGD,0.02dKT1mQI,,0.02qQ8ZXVH,0.033S,0.039mXpFBA,,0.03NXLFMbv,0.03UuF,0.03ceK4Zm,,0.03tBlJdR,0.04
2^-11,0.00000000001,0.000000100121111022011100002222002,0.000002,0.0000123033141210441034,0.00003444043,0.000111305624005345,0.0002,0.000317438140088,0.00048828125,0.000717024711903,0.000A16,0.0010C3AC029529,0.0014A8761A7,0.0019ABC668832,0.002,0.0026D4FB99BG,0.002F4B9A249,0.0036C0BF783C,0.003I2A,0.004AK3KG0KID,0.005489642GB,0.005LEH39HMC,0.006I,0.007FI975O5J,0.008F3BK836D,0.009GD8492Q2,0.00AK3E,0.00BQA624O,,0.00EGT2CIR4,0.00G,0.00HI22JK44,,0.00KWPFMAK8,0.00MS4I,0.00OR4D3NDB,,0.00SbNUNIS1,0.00VA,0.00XQVGYC1,,0.00cZEK28Y,0.00fQ5M,0.00iMBS2TS,,0.013WUeYPE,0.016,0.018LfI0cX,,0.01DdGIKRd,0.01GY6Q,0.01Jaf0odZ,,0.01QD4HiFa,0.01Tg,0.01XOGs7Y5,,0.01fGe7emS,0.01jS7U,0.01noeWmO,,0.01x5t9pD,0.02
2^-12,0.000000000001,0.000000011210202011002011112222112,0.000001,0.0000034014043102443014,0.000015220213,0.000040502645336156,0.0001,0.0001536640644884,0.000244140625,0.000363567906457,0.000509,0.0006C856014914,0.0009543A0C37,0.000C55DAABB91,0.001,0.00136AG5D4E8,0.0017B5DE1249,0.001CF9F7D41F,0.001J15,0.0025A1KIAKJH,,0.002M78D4KB6,0.0039,0.003K94G2OF9,,0.004LK424EQE,0.005A1L,0.005RJHFGQE,,0.0078EGLOT2,0.008,0.008PHHQA22,,0.00AGCPB5A4,0.00BE29,0.00CDKP1U6O,,0.00EIVFBSXK,0.00FP,0.00GXa8H6,,0.00JHSVMPc,0.00KZ2X,0.00MB5aNbE,,0.00PGFKHCU,0.00R,0.00SZKXOhf,,0.00WJXYZdJ,0.00YH3D,0.00aIKQpkH,,0.00eY28nZI,0.00gn,0.00jC8R3jV,,0.00o8K3nrh,0.00qi3j,0.00tPKGOC,,0.00z2x4v6,0.01
2^-13,0.0000000000001,0.000000002101212120112120202222202,0.0000002,0.0000014232021301221232,0.0000054101043,0.000020234656153063,0.00004,0.0000717764766886,0.0001220703125,0.000187289458783,0.0002646,0.00036429672472,0.0004991C061A7,0.00062A6CCD5C,0.0008,0.000A3582F274,,0.000FH4H3G20H,0.000JACA,0.0012FBA95A9J,,0.001B3FI2A5E,0.001GC,0.001MH281C7H,,0.002ANFEFKQK,0.002J0OE,0.002S9N7MRL,,0.003JMNQCEG,0.004,0.004CP8TLHH,,0.00586CN2MJ,0.005P14I,0.0066SV0XLU,,0.0079FR5XaA,0.007WK,0.008GcOT3,,0.009UEFWYJ,0.00AHNGM,0.00B5PIBf7,,0.00CVVA8Tc,0.00DO,0.00EHYfCLj,,0.00G9gHHj9,0.00H8RWQ,0.00I9ADPnZ,,0.00KH14Oj9,0.00LOS,0.00MYWg1pF,,0.00P4A1sQp,0.00QM1qU,0.00RhA8C6,,0.00UWz2SY,0.00W
2^-14,0.00000000000001,0.000000001012102210021021212222212,0.0000001,0.0000004341010400333113,0.00000250303213,0.000010115663061365,0.00002,0.0000353832377887,0.00006103515625,0.000099144784397,0.0001323,0.0001987B3378A1,,0.0003153666A6,0.0004,0.00051B4179C2,,0.0007I28B8108,0.0009F65,0.000BI5FF2FF9,,0.000H1J9152I,0.000K6,0.000NL140IG8,,0.0015BL77NQN,0.0019EC7,0.001E4Q3PSA,,0.001PBBSLMN,0.002,0.0026CKVAP8,,0.002LKNT1B9,0.002UIK9,0.0033EFIZAX,,0.003O7X2aI5,0.003aA,0.0048JCEM,,0.004aSTGH9,0.0058XUB,0.005PCVSKQ,,0.006Fd54Eg,0.006a,0.0078fj6Al,,0.0084kY8m4,0.008UDgD,0.0094VXCpH,,0.00A8S2CMW,0.00AeE,0.00BHGL0s7,,0.00CVYURDP,0.00DB0uF,0.00Dq5463,,0.00FGUWjm,0.00G
2^-15,0.000000000000001,0.000000000121012220010122102222221,0.00000002,0.0000002143002422414031,0.000001231314043,0.000003406331364166,0.00001,0.0000171861183888,0.000030517578125,0.00004A0779421A3,0.00007716,0.0000B43C183AB7,,0.000182933353,0.0002,0.000295A93D61,,0.0003IADF409D,0.0004HD2A,0.0005JD7I17I4,,0.0008C9G0E19,0.000A3,0.000BN0ECLKG,,0.000G5O3HBQP,0.000IL63E,0.000LGRGCSJ,,0.000S5LEAQR,0.001,0.00136AFLT4,,0.001ARTEI5M,0.001F9A4I,0.001K77Ra5G,,0.001VNGKbSM,0.001c5,0.00249QRVK,,0.002IEETU4,0.002QGb5M,0.002Z6FaWZ,,0.0037h2PUi,0.003I,0.003SjMRTm,,0.0042NH4O2,0.004F6l6Q,0.004SgGWq8,,0.0054E16BG,0.005K7,0.005b8AStW,,0.006Fkih6g,0.006ZUS7U,0.006uX231,,0.007dklsO,0.008
2^-16,0.0000000000000001,0.00000000002200222112002220111111,0.00000001,0.000000104400121120424,0.0000004134350213,0.000001536514165433,0.000004,0.0000080875086444,,0.000025039476651,0.00003969,0.000058860A855A,,0.0000B8C191A17,0.0001,0.00014B54A6B9,,0.0001IEG7B9E6,0.00028GB5,0.0002K6E90E92,,0.000464JBIC4,0.00051C,0.0005O076AMK,,0.00082PF8JDC,0.0009AH1L,0.000AMS86E9,,0.000E2Q75DD,0.000G,0.000I357REI,,0.000MVEOQKB,0.000PMN29,0.000SM3WI2Q,,0.000ZBRTcEB,0.000d2K,0.00124XYFU,,0.001977EaN,0.001D8IOX,0.001HPUIGH,,0.001RLOaFM,0.001X,0.001clBDdO,,0.0021BY2C1,0.0027TNTD,0.002EL8GQ4,,0.002TYS35Z,0.002c3S,0.002l45ERi,,0.0037qpp3L,0.003HjE3j,0.003SGVW,,0.003pNNwh,0.004
2^-17,0.00000000000000001,0.00000000001100111021001110020202,0.000000002,0.000000024422310310212,0.00000020451531043,0.000000616605432551,0.000002,0.0000040437043222,,0.000012574793326,0.00001A946,0.00002AA96BA92B,,0.00005BD84850B,0.00008,0.0000AE2ADBE4,,0.0000IGHD5E73,0.0001485CA,0.0001A374AHF1,,0.0002329H962,0.0002CI,0.0002OCG35BA,,0.00041CL49K6,0.0004J8EOE,0.0005BE4374,,0.00071D3I6M,0.0008,0.00091J3U79,,0.000BFOTURN,0.000CTBJ4I,0.000EB1YRJV,,0.000HPDYJ75,0.000JLA,0.000LMbH7Z,,0.000Q3P7IB,0.000SQ9CGM,0.000VCbVUV,,0.000bAZfVB,0.000eO,0.000hm5VJa,,0.0010VH16,0.0013ebeWQ,0.0017AUYdS,,0.001EifT2j,0.001J1g,0.001NUV7Do,,0.001XQPt1e,,0.001ickG,,0.001vBhTL,0.002
2^-18,0.000000000000000001,0.000000000002000201220002011212121,0.000000001,0.0000000122111301301032,0.000000102235433213,0.000000306636214624,0.000001,0.0000020218021555,,0.000006837947168,0.00000B483,0.000015549C547C,,0.00002D6B9BA05,0.00004,0.000057156E72,,0.0000988G2GD1,0.0000C42G5,0.0000FC3CFJ7B,,0.00011CG8G31,0.000169,0.0001C681F5H,,0.00020JO24NG,0.00029I7C7,0.0002K721I2,,0.0003G6H93B,0.0004,0.0004H9IF3L,,0.0005PCEWVB,0.0006ENRK9,0.00075JHDSF,,0.0008W6aT3M,0.0009UP,0.000AVd8OH,,0.000D1Y3UR,0.000ED4S8B,0.000FSfFbc,,0.000ISfKd5,0.000KC,0.000LmRFYI,,0.000Pf8Q3,0.000RkIkGD,0.000U5FHJe,,0.000YnmESo,0.000bSn,0.000eFFW6r,,0.000kDCv0n,,0.000qnrcU,,0.000y5rEg,0.001
2^-19,0.0000000000000000001,0.000000000001000100221112120221022,0.0000000002,0.0000000033303123123013,0.0000000311155144043,0.000000136653105645,0.0000004,0.0000010108455272,,0.000003419479089,0.0000058416,0.00000928B628A6,,0.000016AD4D502,0.00002,0.00002C0B3739,,0.00004DDHAHG,0.000062182A,0.00007GC67K3G,,0.0000C68481C,0.0000F4C,0.0000IFGD7F8,,0.000109PEFP8,0.00014N3K3E,0.0001A3FF91,,0.0001NIO4H5,0.0002,0.00028L97IA,,0.0002U67GFN,0.00037BVS4I,0.0003L9R6WQ,,0.0004G3IELB,0.0004ZCK,0.0005Fe4C8,,0.0006MH1aZ,,0.0007ah7fJ,,0.0009EKXh2,0.000A6,0.000Amc7fX,,0.000Ck4D1P,,0.000F2Y8aK,,0.000HOpYfq,0.000IgOS,0.000K7aG3Q,,0.000N6Zw0O,,0.000QOvJF,,0.000U2w7L,0.000W
2^-20,0.00000000000000000001,0.000000000000111200110202210110122,0.0000000001,0.0000000014124034034004,0.00000001333553520213,0.000000053325036322,0.0000002,0.0000004504227135,,0.00000176479459A,0.000002A209,0.0000047AC31453,,0.00000ACE26A01,0.00001,0.00001605A3A4,,0.000026G8EI8,0.0000310E15,0.00003IGDEA1I,,0.0000634240H,0.00007E6,0.000097KJ3K4,,0.0000DICKLCH,0.0000GBFO1L,0.0000JG7M4F,,0.0000R9C28I,0.0001,0.00014AL3PL,,0.0001F33PPB,0.0001LNXW29,0.0001T4W3GD,,0.000281SQU5,0.0002HQA,0.0002SK264,,0.0003B8MIH,,0.0003ei3h9,,0.0004UXeLO,0.00053,0.0005OJ3jG,,0.0006N26QC,,0.0007RhUia,,0.0008drHKr,0.0009LCE,0.000A3kaUD,,0.000BWlT0C,,0.000DCSe7,,0.000F1T3g,0.000G
2^-21,0.000000000000000000001,0.000000000000020211201212220020022,0.00000000002,0.0000000004312014242002,,0.000000025146016511,0.0000001,0.0000002246558062,,0.0000009323A22A5,0.00000151046,0.0000023BC80891,,0.00000567135,0.000008,0.00000B8B51DA,,0.00001384794,0.00001AA70CA,0.00001JIH750J,,0.000031DCDBK,0.00003J3,0.00004GA9EA2,,0.00006MJNO68,0.000085LQ0OE,0.00009MIB27,,0.0000DK6149,0.0000G,0.0000ILR1TA,,0.0000P1JCU5,,0.0000X2G1QP,,0.000140XWYM,0.00018X5,0.0001EA132,,0.0001R4B98,,0.0001giOLR,,0.0002FGhYC,0.0002PO,0.0002aY1l8,,0.0003BQScV,,0.0003eLfmi,,0.0004Js8bs,0.0004cY7,0.00051pkhZ,,0.0005jrETZ,,0.0006aioY,,0.0007WEXL,0.0008
2^-22,0.0000000000000000000001,0.000000000000010102100221110010011,0.00000000001,0.0000000002131004343223,,0.000000012423006604,0.00000004,0.0000001123274031,,0.0000004711A66A8,0.00000086623,0.0000011C640447,,0.000002AB09277,0.000004,0.000005CE296D,,0.00000B423E2,0.00000F53A65,0.00000K98E2AK,,0.00001C6HI5L,0.00001LDC,0.00002854JHD,,0.00003B9PC34,0.000042OR0C7,0.00004PNK13,,0.00006PIG24,0.00008,0.00009AU0V5,,0.0000CI9NWK,,0.0000GJQJDC,,0.0000LJaGHB,0.0000OGMK,0.0000RPL1L,,0.0000Z25Q4,,0.0000hiYXD,,0.00017VjH6,0.0001Ca,0.0001IH0m4,,0.0001VDEJF,,0.0001kbKom,,0.00029sVkR,0.0002JH3S,0.0002TPpoH,,0.0002qQaiH,,0.0003IMPH,,0.0003lcmA,0.0004
2^-23,0.00000000000000000000001,0.00000000000000120101122202000112,0.000000000002,0.0000000001040224421334,,0.000000004545003302,0.00000002,0.0000000511582015,,0.0000002360A88A9,0.000000433116,0.00000076320223,,0.000001557C13B,0.000002,0.000002EF9D36,,0.000005BAB71,0.000007CBF32A,0.00000A4EHBFK,,0.00000HEK92M,0.00000MII,0.0000142EM8J,,0.00001J4Q61F,,0.00002CQA0G,,0.00003CONGH,0.00004,0.00004LVGW2,,0.0000694TGA,,0.000089VS6O,,0.0000ATI88P,0.0000C8BA,0.0000DXALA,,0.0000HMOD2,,0.0000Lidd6,,0.0000RFk8Q,0.0000UI,0.0000XX0O2,,0.0000f6WZ7,,0.0000njAPO,,0.00014shND,0.00019aTg,0.0001EfPrb,,0.0001QDIM8,,0.0001dfh8,,0.0001tJO5,0.0002
2^-24,0.000000000000000000000001,0.00000000000000021200211101000021,0.000000000001,0.0000000000242334433142,,0.000000002256001501,0.00000001,0.0000000250741007,,0.0000001185A99AA,0.000000217669,0.00000039810111,,0.000000A2B6095,0.000001,0.00000177D6A3,,0.000002F55D09,0.000003G5HBB5,0.000005278G7K,,0.000008ILG1B,0.00000B99,0.00000EDJNGM,,0.00000N2D30L,,0.000016D508,,0.00001LRR88,0.00002,0.00002AW8G1,,0.000034JW85,,0.000044YE3C,,0.00005ESNNW,0.0000645P,0.00006b5AP,,0.00008WXS1,,0.0000AigJP,,0.0000DVN4D,0.0000F9,0.0000Gf0C1,,0.0000KSfh3,,0.0000On5Cc,,0.0000TsnBY,0.0000WkEn,0.0000ZnCtI,,0.0000ga9B4,,0.0000oKq4,,0.0000x9hY,0.0001
2^-25,0.0000000000000000000000001,0.00000000000000010211220200111122,0.0000000000002,0.0000000000121142214043,,0.000000001126334234,0.000000004,0.0000000124820448,,0.0000000642AA4AA,0.0000001099346,0.0000001B406707,,0.000000515A7C2,0.0000008,0.000000C3F351,,0.0000017C2G04,,0.000002BE483K,,0.0000049AJC5,0.000005GGC,0.0000076MBKN,,0.00000BEK1DO,,0.00000HL2EI,,0.00000QDT44,0.00001,0.000015G48,,0.00001JRG42,,0.000022H71O,,0.00002QXVBZ,0.0000322WK,0.00003IN5C,,0.00004GGZM,,0.00005ML9Z,,0.00006dBPU,0.00007SO,0.00008KOUP,,0.0000AEKl1,,0.0000COT6J,,0.0000Esq5i,0.0000GN7OS,0.0000Hr6Rb,,0.0000LI4Z2,,0.0000PAQ2,,0.0000TaLm,0.0000W
2^-26,0.00000000000000000000000001,0.000000000000000012202212112020221,0.0000000000001,0.0000000000033043332021,,0.000000000413152115,0.000000002,0.0000000056854668,,0.000000032155255,0.000000064A783,0.0000000C20336A,,0.000000282CB61,0.0000004,0.00000061G1B,,0.000000D61802,,0.0000015HCECA,,0.0000024GL62,0.000002K86,0.000003FNIAB,,0.000005KNE6P,,0.000008P179,,0.00000D6U22,0.00000G,0.00000J824,,0.00000RDPJI,,0.0000118M0U,,0.00001DGZ5b,0.00001L1GA,0.00001TW2Q,,0.0000288HW,,0.00002XX4e,,0.00003JTCc,0.00003cC,0.00004ACFC,,0.000057ANQ,,0.00006CETa,,0.00007RQ2n,0.00008BVeE,0.00008t3Dl,,0.0000AcVl1,,0.0000CZhV,,0.0000EngO,0.0000G
2^-27,0.000000000000000000000000001,0.00000000000000000221222102101011,0.00000000000002,0.0000000000014021413233,,0.000000000205061042,0.000000001,0.0000000027872334,,0.000000016628128,0.00000003253A16,0.00000006101835,,0.00000014165A8,0.0000002,0.00000030G958,,0.0000006CA401,,0.000000D8GHGF,,0.00000128AEC,0.000001A43,0.000001KBLHI,,0.000002NP73C,,0.000004CF3J,,0.000006IUGG,0.000008,0.000009KHIG,,0.00000DOCR9,,0.00000J4B0F,,0.00000Q8HMI,0.00000UKS5,0.00000ZG1D,,0.00001448b,,0.00001Gd2K,,0.00001XETg,0.00001h6,0.00002567U,,0.00002T5Bc,,0.0000367Ei,,0.00003fD1O,0.000045hm7,0.00004RU6q,,0.00005JFr,,0.00006HqF,,0.00007Oqh,0.00008
2^-28,0.0000000000000000000000000001,0.00000000000000000110222201012002,0.00000000000001,0.0000000000004233204114,,0.000000000102364021,0.0000000004,0.0000000013881162,,0.000000008869614,0.00000001727B09,0.00000003067419,,0.00000009832CB,0.0000001,0.00000018GD2C,,0.0000003652,,0.0000006EIJ87,,0.000000CFGIH,0.000000H21C,0.000000MIAL9,,0.000001BQ3F6,,0.00000267G9,,0.0000039F88,0.000004,0.000004QP98,,0.000006TNV4,,0.000009KO07,,0.00000D48US,,0.00000HSL6,,0.00000NNPe,,0.00000Ug1A,,0.00000e7Ei,0.00000jR,0.000012RSF,,0.00001ES5i,,0.00001TU7M,,0.00001m6SC,,0.00002DhVs,,0.00002d7u,,0.000038uc,,0.00003hvr,0.00004
2^-29,0.00000000000000000000000000001,0.00000000000000000020111100121001,0.000000000000002,0.0000000000002114102032,,0.00000000003453201,0.0000000002,0.0000000006440531,,0.000000004434862,,0.0000000169A20B,,0.00000004B9165,0.00000008,0.0000000CGF16,,0.0000001CC1,,0.0000003799EE,,0.00000067JKK,0.0000008D0I,0.000000B95AH,,0.000000JD1L3,,0.00000133MJ,,0.000001K7JJ,0.000002,0.000002DCL4,,0.000003ETFJ,,0.000004SUIM,,0.000006LNYX,,0.000008YV3,,0.00000BXCf,,0.00000FL0R,,0.00000K3Uj,0.00000MbO,0.00000PcE7,,0.00000WdSM,,0.00000fF3b,,0.00000pUfX,,0.000016oFt,,0.00001JXS,,0.00001Ywn,,0.00001rSw,0.00002
2^-30,0.000000000000000000000000000001,0.000000000000000000100202000220001,0.000000000000001,0.0000000000001032023241,,0.00000000001561434,0.0000000001,0.000000000322026,,0.000000002217986,,0.000000009B5105,,0.000000025C0AA,0.00000004,0.000000068793,,0.0000000FFA,,0.0000001E4F77,,0.00000033LAA,0.00000046C9,0.0000005H2HL,,0.0000009K0O1,,0.000000G1PO,,0.000000PJ9P,0.000001,0.0000016MR2,,0.000001OW7R,,0.000002EF9B,,0.000003AVHG,,0.000004HFM,,0.000005c6K,,0.000007X0D,,0.00000A1ck,0.00000BIa,0.00000ChVS,,0.00000GJda,,0.00000KY1j,,0.00000PgmG,,0.00000VraR,,0.00000dGhT,,0.00000lxt,,0.00000wET,0.00001
2^-31,0.0000000000000000000000000000001,0.000000000000000000011212111221112,0.0000000000000002,0.0000000000000241011343,,0.00000000000630552,0.00000000004,0.0000000001554574,,0.000000001109498,,0.000000004C2702,,0.000000012D7CC,0.00000002,0.0000000343D1,,0.00000007H5,,0.0000000HCI3E,,0.0000001DAGG,0.0000002364C,0.0000002L18N,,0.0000004NDPE,,0.00000080RC,,0.000000CP4S,0.000000G,0.000000JRU1,,0.000000TXLD,,0.00000177N5,,0.000001OZ8R,,0.0000028SB,,0.000002eOV,,0.000003d06,,0.0000050gk,0.000005XI,0.000006LeE,,0.0000089jI,,0.00000AH0n,,0.00000CmpZ,,0.00000FtID,,0.00000JbpE,,0.00000NyR,,0.00000T7E,0.00000W
2^-32,0.00000000000000000000000000000001,0.000000000000000000002102202110202,0.0000000000000001,0.0000000000000120230421,,0.000000000003136243,0.00000000002,0.0000000000726736,,0.0000000006047A4,,0.00000000261367,,0.000000008E3DD,0.00000001,0.00000001AA69,,0.00000003I299,,0.00000008GJC7,,0.0000000I588,0.00000011F26,0.0000001AD4B,,0.0000002BKCK,,0.00000040DK,,0.0000006CHT,0.0000008,0.0000009UF,,0.000000EYAO,,0.000000M3U2,,0.000000Vb4D,,0.0000014E5,,0.000001KCF,,0.000001g03,,0.000002Nik,0.000002eX,0.000003AiV,,0.0000044m9,,0.0000058Qp,,0.000006OPj,,0.000007u96,,0.000009mPa,,0.00000Byi,,0.00000EZ7,0.00000G
2^-33,0.000000000000000000000000000000001,0.000000000000000000001012212201212,0.00000000000000002,0.000000000000003234021,,0.000000000001416455,0.00000000001,0.0000000000357817,,0.0000000003023A7,,0.00000000130833,,0.00000000471E6,0.000000008,0.00000000DDBD,,0.00000001IAE4,,0.0000000489GE,,0.000000092FF,0.0000000CJD3,0.0000000HJ25,,0.00000015NJN,,0.000000206O,,0.000000368U,0.0000004,0.0000004VO,,0.0000007H5C,,0.000000B1XJ,,0.000000Fc26,,0.000000MRN,,0.000000VRT,,0.000000hMO,,0.000001Bjk,0.000001KGO,0.000001Tke,,0.0000022O4,,0.000002Udq,,0.000003CCo,,0.000003uX3,,0.000004rgI,,0.000005yq,,0.000007HZ,0.000008
2^-34,0.0000000000000000000000000000000001,0.000000000000000000000121102212102,0.00000000000000001,0.0000000000000013420102,,0.000000000000543226,0.000000000004,0.0000000000173853,,0.000000000156753,,0.00000000080418,,0.0000000023873,0.000000004,0.000000006F5F,,0.00000000IEGB,,0.0000000244IH,,0.00000004CJ7,,0.00000008M12,,0.0000000GBNB,,0.000000103C,,0.0000001IJU,0.0000002,0.0000002FSG,,0.0000003Q2N,,0.0000005JGS,,0.0000007cKM,,0.000000BDW,,0.000000FZE,,0.000000LXY,,0.000000TMk,0.000000Y8C,0.000000dNK,,0.0000011C2,,0.000001FJq,,0.000001XXq,,0.000001uj1,,0.000002Qoc,,0.000002yu,,0.000003eH,0.000004
2^-35,0.00000000000000000000000000000000001,0.000000000000000000000022012221012,0.000000000000000002,0.0000000000000004210023,,0.000000000000255113,0.000000000002,0.0000000000081871,,0.000000000083381,,0.0000000004020A,,0.0000000011BB1,0.000000002,0.0000000037B7,,0.000000009785,,0.000000012298,,0.0000000269F,,0.00000004B0D,,0.000000085P5,,0.0000000EG6,,0.0000000OPF,0.0000001,0.00000017UO,,0.0000001UIT,,0.0000002S8E,,0.0000003cTU,,0.0000005RG,,0.0000007d7,,0.000000AdH,,0.000000EYk,0.000000H46,0.000000JaA,,0.000000Q61,,0.000000Y9q,,0.000000iGr,,0.000000up,,0.000001DPJ,,0.000001US,,0.000001pe,0.000002
2^-36,0.000000000000000000000000000000000001,0.000000000000000000000011002222002,0.000000000000000001,0.0000000000000002102234,,0.000000000000126041,0.000000000001,0.000000000004088,,0.00000000004174,,0.00000000020105,,0.00000000085D,0.000000001,0.000000001C5C,,0.000000004D42,,0.00000000BBF4,,0.0000000134J,,0.000000025CJ,,0.000000042Q2,,0.0000000783,,0.0000000CCN,0.0000000G,0.0000000KFC,,0.0000000WQW,,0.0000001E47,,0.0000001cYF,,0.0000002Y8,,0.0000003f3,,0.0000005JV,,0.0000007HN,0.0000008Q3,0.0000009gT,,0.000000D3,,0.000000H4q,,0.000000M8Q,,0.000000SPS,,0.000000aCd,,0.000000ji,,0.000000vK,0.000001
2^-37,0.0000000000000000000000000000000000001,0.000000000000000000000002001111001,0.0000000000000000002,0.0000000000000001023342,,0.000000000000046354,0.0000000000004,0.000000000002044,,0.00000000002092,,0.00000000010069,,0.00000000042E,0.0000000008,0.000000000EB6,,0.0000000026BA,,0.000000005G7C,,0.00000000D29,,0.000000012IM,,0.000000021D1,,0.00000003IG,,0.000000066B,0.00000008,0.0000000A7M,,0.0000000GDG,,0.0000000PKM,,0.0000000caR,,0.0000001H4,,0.0000001g1,,0.0000002WF,,0.0000003WB,,0.0000004jd,,0.0000006R,,0.0000008Sq,,0.000000B4D,,0.000000ECg,,0.000000I6J,,0.000000Mq,,0.000000Sf,0.000000W
2^-38,0.00000000000000000000000000000000000001,0.000000000000000000000001000202,0.0000000000000000001,0.0000000000000000234143,,0.000000000000023162,0.0000000000002,0.000000000001022,,0.000000000010465,,0.0000000000669B,,0.000000000217,0.0000000004,0.00000000075B,,0.00000000135E,,0.000000002IE6,,0.000000006CG,,0.00000000DLN,,0.000000010K,,0.00000001NM,,0.0000000335,0.00000004,0.000000053R,,0.000000086P,,0.0000000CST,,0.0000000JID,,0.0000000T2,,0.0000000gM,,0.0000001G7,,0.0000001dT,,0.0000002Mi,,0.0000003DP,,0.0000004EQ,,0.0000005TY,,0.00000076L,,0.000000939,,0.000000BQ,,0.000000EK,0.000000G
2^-39,0.000000000000000000000000000000000000001,0.000000000000000000000000111212111,0.00000000000000000002,0.0000000000000000114321,,0.000000000000011431,0.0000000000001,0.0000000000004554,,0.000000000005788,,0.0000000000334C,,0.00000000010B,0.0000000002,0.0000000003B5,,0.000000000B2G,,0.000000001973,,0.00000000368,,0.000000006NB,,0.00000000DND,,0.00000000QB,,0.00000001H2,0.00000002,0.00000002ID,,0.000000043C,,0.00000006EE,,0.00000009SQ,,0.0000000EL,,0.0000000LB,,0.0000000UQ,,0.0000000hE,,0.0000001BM,,0.0000001WC,,0.00000027D,,0.0000002gH,,0.0000003Vd,,0.0000004V4,,0.0000005h,,0.0000007A,0.0000008
2^-40,0.0000000000000000000000000000000000000001,0.00000000000000000000000002022102,0.00000000000000000001,0.0000000000000000032133,,0.000000000000004214,0.00000000000004,0.0000000000002272,,0.000000000002944,,0.00000000001826,,0.00000000007D,0.0000000001,0.0000000001E2,,0.0000000005AH,,0.000000000F3C,,0.000000001EF,,0.000000003BI,,0.000000006P6,,0.00000000D5,,0.00000000O1,0.00000001,0.0000000196,,0.000000021N,,0.0000000377,,0.00000004XW,,0.00000007A,,0.0000000AR,,0.0000000FD,,0.0000000LU,,0.0000000UB,,0.0000000fV,,0.00000013X,,0.0000001L8,,0.0000001iJ,,0.0000002FV,,0.0000002q,,0.0000003a,0.0000004
2^-41,0.00000000000000000000000000000000000000001,0.000000000000000000000000010110121,0.000000000000000000002,0.0000000000000000013314,,0.000000000000002105,0.00000000000002,0.0000000000001135,,0.000000000001477,,0.00000000000A79,,0.00000000003E,0.00000000008,0.0000000000F9,,0.0000000002EI,,0.0000000007C6,,0.000000000IJ,,0.000000001I9,,0.000000003CG,,0.000000006H,,0.00000000C,0.00000000G,0.00000000L3,,0.000000010T,,0.00000001M3,,0.00000002GZ,,0.00000003P,,0.00000005D,,0.00000007T,,0.0000000Ac,,0.0000000F5,,0.0000000Kf,,0.0000000SG,,0.0000000c4,,0.0000000oc,,0.00000017j,,0.0000001Q,,0.0000001n,0.0000002
2^-42,0.000000000000000000000000000000000000000001,0.00000000000000000000000000120121,0.000000000000000000001,0.0000000000000000004132,,0.000000000000001036,0.00000000000001,0.0000000000000517,,0.000000000000793,,0.0000000000053B,,0.00000000001E7,0.00000000004,0.00000000007D,,0.000000000179,,0.0000000003GD,,0.00000000099,,0.000000000LH,,0.000000001JL,,0.0000000038,,0.000000006,0.000000008,0.00000000AI,,0.00000000HW,,0.00000000TK,,0.000000018H,,0.00000001X,,0.00000002S,,0.00000003b,,0.00000005J,,0.00000007R,,0.0000000AK,,0.0000000E8,,0.0000000J2,,0.0000000PJ,,0.0000000XM,,0.0000000h,,0.0000000u,0.0000001
2^-43,0.0000000000000000000000000000000000000000001,0.000000000000000000000000000212101,0.0000000000000000000002,0.0000000000000000002041,,0.000000000000000353,0.000000000000004,0.0000000000000253,,0.0000000000003A1,,0.00000000000285,,0.00000000000EB,0.00000000002,0.00000000003F,,0.0000000000D4,,0.0000000001IH,,0.0000000004G,,0.000000000AL,,0.000000000NA,,0.000000001I,,0.000000003,0.000000004,0.0000000059,,0.000000008X,,0.00000000ES,,0.00000000NS,,0.00000000b,,0.00000001E,,0.00000001f,,0.00000002X,,0.00000003c,,0.00000005A,,0.000000074,,0.00000009S,,0.0000000Cc,,0.0000000Ge,,0.0000000L,,0.0000000S,0.0000000W
2^-44,0.00000000000000000000000000000000000000000001,0.0000000000000000000000000001022,0.0000000000000000000001,0.000000000000000000102,,0.000000000000000161,0.000000000000002,0.0000000000000126,,0.0000000000001A6,,0.00000000000142,,0.0000000000075,0.00000000001,0.00000000001G,,0.00000000006B,,0.0000000000JJ,,0.00000000028,,0.0000000005A,,0.000000000BI,,0.000000000N,,0.000000001F,0.000000002,0.000000002L,,0.000000004G,,0.000000007E,,0.00000000BX,,0.00000000I,,0.00000000S,,0.00000000h,,0.00000001G,,0.00000001h,,0.00000002U,,0.00000003S,,0.00000004f,,0.00000006J,,0.00000008K,,0.0000000A,,0.0000000E,0.0000000G
2^-45,0.000000000000000000000000000000000000000000001,0.000000000000000000000000000012211,0.00000000000000000000002,0.0000000000000000000232,,0.000000000000000064,0.000000000000001,0.0000000000000057,,0.0000000000000A8,,0.00000000000087,,0.000000000003A,0.000000000008,0.00000000000G,,0.000000000035,,0.00000000009K,,0.00000000014,,0.0000000002H,,0.0000000005M,,0.000000000B,,0.000000000N,0.000000001,0.000000001A,,0.0000000028,,0.000000003P,,0.000000005a,,0.000000009,,0.00000000E,,0.00000000L,,0.00000000V,,0.00000000k,,0.00000001F,,0.00000001e,,0.00000002K,,0.000000039,,0.00000004A,,0.00000005,,0.00000007,0.00000008
2^-46,0.0000000000000000000000000000000000000000000001,0.00000000000000000000000000000222,0.00000000000000000000001,0.0000000000000000000113,,0.000000000000000032,0.0000000000000004,0.0000000000000028,,0.000000000000054,,0.00000000000043,,0.000000000001C,0.000000000004,0.000000000008,,0.00000000001C,,0.00000000004K,,0.0000000000D,,0.00000000018,,0.0000000002O,,0.0000000005,,0.000000000B,0.000000000G,0.000000000L,,0.0000000014,,0.000000001V,,0.000000002b,,0.000000004,,0.000000007,,0.00000000A,,0.00000000F,,0.00000000N,,0.00000000X,,0.00000000k,,0.00000001A,,0.00000001X,,0.000000025,,0.00000002,,0.00000003,0.00000004
2^-47,0.00000000000000000000000000000000000000000000001,0.00000000000000000000000000000111,0.000000000000000000000002,0.0000000000000000000031,,0.000000000000000014,0.0000000000000002,0.0000000000000014,,0.000000000000027,,0.00000000000021,,0.000000000000D,0.000000000002,0.000000000004,,0.00000000000F,,0.00000000002A,,0.00000000006,,0.0000000000G,,0.0000000001C,,0.0000000002,,0.0000000005,0.0000000008,0.000000000A,,0.000000000J,,0.000000000Y,,0.000000001I,,0.000000002,,0.000000003,,0.000000005,,0.000000007,,0.00000000B,,0.00000000G,,0.00000000N,,0.00000000W,,0.00000000j,,0.000000012,,0.00000001,,0.00000001,0.00000002
2^-48,0.000000000000000000000000000000000000000000000001,0.000000000000000000000000000000201,0.000000000000000000000001,0.0000000000000000000013,,0.000000000000000005,0.0000000000000001,0.0000000000000006,,0.000000000000013,,0.0000000000001,,0.0000000000006,0.000000000001,0.000000000002,,0.000000000007,,0.000000000015,,0.00000000003,,0.00000000008,,0.0000000000J,,0.0000000001,,0.0000000002,0.0000000004,0.0000000005,,0.0000000009,,0.000000000H,,0.000000000S,,0.000000001,,0.000000001,,0.000000002,,0.000000003,,0.000000005,,0.000000008,,0.00000000B,,0.00000000G,,0.00000000M,,0.00000000U,,,,,0.00000001
2^-49,0.0000000000000000000000000000000000000000000000001,0.0000000000000000000000000000001,0.0000000000000000000000002,0.0000000000000000000004,,0.000000000000000002,0.00000000000000004,0.0000000000000003,,0.000000000000007,,0.00000000000006,,0.0000000000003,0.0000000000008,0.000000000001,,0.000000000003,,0.00000000000D,,0.00000000001,,0.00000000004,,0.00000000009,,,,0.0000000001,0.0000000002,0.0000000002,,0.0000000004,,0.0000000008,,0.000000000E,,,,,,0.000000001,,0.000000001,,0.000000002,,0.000000004,,0.000000005,,0.000000008,,0.00000000B,,0.00000000F,,,,,
2^-50,0.00000000000000000000000000000000000000000000000001,0.000000000000000000000000000000011,0.0000000000000000000000001,0.0000000000000000000002,,0.000000000000000001,0.00000000000000002,0.0000000000000001,,0.000000000000003,,0.00000000000003,,0.0000000000001,0.0000000000004,,,0.000000000001,,0.000000000006,,,,0.00000000002,,0.00000000004,,,,,0.0000000001,0.0000000001,,0.0000000002,,0.0000000004,,0.0000000007,,,,,,,,,,0.000000001,,0.000000002,,0.000000002,,0.000000004,,0.000000005,,0.000000007,,,,,
2^-51,0.000000000000000000000000000000000000000000000000001,0.000000000000000000000000000000002,0.00000000000000000000000002,0.0000000000000000000001,,,0.00000000000000001,,,0.000000000000001,,0.00000000000001,,,0.0000000000002,,,,,0.000000000003,,,,0.00000000001,,0.00000000002,,,,,,,,0.0000000001,,0.0000000002,,0.0000000003,,,,,,,,,,,,0.000000001,,0.000000001,,0.000000002,,0.000000002,,0.000000003,,,,,
2^-52,0.0000000000000000000000000000000000000000000000000001,0.000000000000000000000000000000001,0.00000000000000000000000001,,,,,,,,,,,,0.0000000000001,,,,,0.000000000001,,,,,,0.00000000001,,,,,,,,,,0.0000000001,,0.0000000001,,,,,,,,,,,,,,,,0.000000001,,0.000000001,,0.000000001,,,,,
2^-53,0.00000000000000000000000000000000000000000000000000001,,,,,,,,,,,,,,,,,,,,,,,,,,,,,,,,,,,,,,,,,,,,,,,,,,,,,,,,,,,,,,
2^-54,,,,,,,,,,,,,,,,,,,,,,,,,,,,,,,,,,,,,,,,,,,,,,,,,,,,,,,,,,,,,,,
2^-55,,,,,,,,,,,,,,,,,,,,,,,,,,,,,,,,,,,,,,,,,,,,,,,,,,,,,,,,,,,,,,,
2^-56,,,,,,,,,,,,,,,,,,,,,,,,,,,,,,,,,,,,,,,,,,,,,,,,,,,,,,,,,,,,,,,
2^-57,,,,,,,,,,,,,,,,,,,,,,,,,,,,,,,,,,,,,,,,,,,,,,,,,,,,,,,,,,,,,,,
2^-58,,,,,,,,,,,,,,,,,,,,,,,,,,,,,,,,,,,,,,,,,,,,,,,,,,,,,,,,,,,,,,,
2^-59,,,,,,,,,,,,,,,,,,,,,,,,,,,,,,,,,,,,,,,,,,,,,,,,,,,,,,,,,,,,,,,
2^-60,,,,,,,,,,,,,,,,,,,,,,,,,,,,,,,,,,,,,,,,,,,,,,,,,,,,,,,,,,,,,,,
2^-61,,,,,,,,,,,,,,,,,,,,,,,,,,,,,,,,,,,,,,,,,,,,,,,,,,,,,,,,,,,,,,,
2^-62,,,,,,,,,,,,,,,,,,,,,,,,,,,,,,,,,,,,,,,,,,,,,,,,,,,,,,,,,,,,,,,
