,="Base 2",="Base 3",="Base 4",="Base 5",="Base 6",="Base 7",="Base 8",="Base 9",="Base 10",="Base 11",="Base 12",="Base 13",="Base 14",="Base 15",="Base 16",="Base 17",="Base 18",="Base 19",="Base 20",="Base 21",="Base 22",="Base 23",="Base 24",="Base 25",="Base 26",="Base 27",="Base 28",="Base 29",="Base 30",="Base 31",="Base 32",="Base 33",="Base 34",="Base 35",="Base 36",="Base 37",="Base 38",="Base 39",="Base 40",="Base 41",="Base 42",="Base 43",="Base 44",="Base 45",="Base 46",="Base 47",="Base 48",="Base 49",="Base 50",="Base 51",="Base 52",="Base 53",="Base 54",="Base 55",="Base 56",="Base 57",="Base 58",="Base 59",="Base 60",="Base 61",="Base 62",="Base 63",="Base 64"
="2^0",="1",="1",="1",="1",="1",="1",="1",="1",="1",="1",="1",="1",="1",="1",="1",="1",="1",="1",="1",="1",="1",="1",="1",="1",="1",="1",="1",="1",="1",="1",="1",="1",="1",="1",="1",="1",="1",="1",="1",="1",="1",="1",="1",="1",="1",="1",="1",="1",="1",="1",="1",="1",="1",="1",="1",="1",="1",="1",="1",="1",="1",="1",="1"
="2^1",="10",="2",="2",="2",="2",="2",="2",="2",="2",="2",="2",="2",="2",="2",="2",="2",="2",="2",="2",="2",="2",="2",="2",="2",="2",="2",="2",="2",="2",="2",="2",="2",="2",="2",="2",="2",="2",="2",="2",="2",="2",="2",="2",="2",="2",="2",="2",="2",="2",="2",="2",="2",="2",="2",="2",="2",="2",="2",="2",="2",="2",="2",="2"
="2^2",="100",="11",="10",="4",="4",="4",="4",="4",="4",="4",="4",="4",="4",="4",="4",="4",="4",="4",="4",="4",="4",="4",="4",="4",="4",="4",="4",="4",="4",="4",="4",="4",="4",="4",="4",="4",="4",="4",="4",="4",="4",="4",="4",="4",="4",="4",="4",="4",="4",="4",="4",="4",="4",="4",="4",="4",="4",="4",="4",="4",="4",="4",="4"
="2^3",="1000",="22",="20",="13",="12",="11",="10",="8",="8",="8",="8",="8",="8",="8",="8",="8",="8",="8",="8",="8",="8",="8",="8",="8",="8",="8",="8",="8",="8",="8",="8",="8",="8",="8",="8",="8",="8",="8",="8",="8",="8",="8",="8",="8",="8",="8",="8",="8",="8",="8",="8",="8",="8",="8",="8",="8",="8",="8",="8",="8",="8",="8",="8"
="2^4",="10000",="121",="100",="31",="24",="22",="20",="17",="16",="15",="14",="13",="12",="11",="10",="G",="G",="G",="G",="G",="G",="G",="G",="G",="G",="G",="G",="G",="G",="G",="G",="G",="G",="G",="G",="G",="G",="G",="G",="G",="G",="G",="G",="G",="G",="G",="G",="G",="G",="G",="G",="G",="G",="G",="G",="G",="G",="G",="G",="G",="G",="G",="G"
="2^5",="100000",="1012",="200",="112",="52",="44",="40",="35",="32",="2A",="28",="26",="24",="22",="20",="1F",="1E",="1D",="1C",="1B",="1A",="19",="18",="17",="16",="15",="14",="13",="12",="11",="10",="W",="W",="W",="W",="W",="W",="W",="W",="W",="W",="W",="W",="W",="W",="W",="W",="W",="W",="W",="W",="W",="W",="W",="W",="W",="W",="W",="W",="W",="W",="W",="W"
="2^6",="1000000",="2101",="1000",="224",="144",="121",="100",="71",="64",="59",="54",="4C",="48",="44",="40",="3D",="3A",="37",="34",="31",="2K",="2I",="2G",="2E",="2C",="2A",="28",="26",="24",="22",="20",="1V",="1U",="1T",="1S",="1R",="1Q",="1P",="1O",="1N",="1M",="1L",="1K",="1J",="1I",="1H",="1G",="1F",="1E",="1D",="1C",="1B",="1A",="19",="18",="17",="16",="15",="14",="13",="12",="11",="10"
="2^7",="10000000",="11202",="2000",="1003",="332",="242",="200",="152",="128",="107",="A8",="9B",="92",="88",="80",="79",="72",="6E",="68",="62",="5I",="5D",="58",="53",="4O",="4K",="4G",="4C",="48",="44",="40",="3T",="3Q",="3N",="3K",="3H",="3E",="3B",="38",="35",="32",="2g",="2e",="2c",="2a",="2Y",="2W",="2U",="2S",="2Q",="2O",="2M",="2K",="2I",="2G",="2E",="2C",="2A",="28",="26",="24",="22",="20"
="2^8",="100000000",="100111",="10000",="2011",="1104",="514",="400",="314",="256",="213",="194",="169",="144",="121",="100",="F1",="E4",="D9",="CG",="C4",="BE",="B3",="AG",="A6",="9M",="9D",="94",="8O",="8G",="88",="80",="7P",="7I",="7B",="74",="6Y",="6S",="6M",="6G",="6A",="64",="5f",="5a",="5V",="5Q",="5L",="5G",="5B",="56",="51",="4m",="4i",="4e",="4a",="4W",="4S",="4O",="4K",="4G",="4C",="48",="44",="40"
="2^9",="1000000000",="200222",="20000",="4022",="2212",="1331",="1000",="628",="512",="426",="368",="305",="288",="242",="200",="1D2",="1A8",="17I",="15C",="138",="116",="M6",="L8",="KC",="JI",="IQ",="I8",="HJ",="H2",="GG",="G0",="FH",="F2",="EM",="E8",="DV",="DI",="D5",="CW",="CK",="C8",="Bd",="BS",="BH",="B6",="Ag",="AW",="AM",="AC",="A2",="9i",="9Z",="9Q",="9H",="98",="8u",="8m",="8e",="8W",="8O",="8G",="88",="80"
="2^10",="10000000000",="1101221",="100000",="13044",="4424",="2662",="2000",="1357",="1024",="851",="714",="60A",="532",="484",="400",="394",="32G",="2FH",="2B4",="26G",="22C",="1LC",="1IG",="1FO",="1DA",="1AP",="18G",="169",="144",="121",="100",="V1",="U4",="T9",="SG",="RP",="Qa",="QA",="PO",="Oe",="OG",="NZ",="NC",="MY",="MC",="Lb",="LG",="Ki",="KO",="K4",="Ja",="JH",="Iq",="IY",="IG",="Ht",="Hc",="HL",="H4",="Gm",="GW",="GG",="G0"
="2^11",="100000000000",="2210212",="200000",="31143",="13252",="5654",="4000",="2725",="2048",="15A2",="1228",="C17",="A64",="918",="800",="718",="65E",="5CF",="528",="4DB",="452",="3K1",="3D8",="36N",="30K",="2LN",="2H4",="2CI",="288",="242",="200",="1T2",="1Q8",="1NI",="1KW",="1ID",="1FY",="1DK",="1B8",="18d",="16W",="14R",="12O",="10N",="iO",="hR",="gW",="fd",="em",="e8",="dK",="cY",="bo",="bD",="aW",="Zr",="ZI",="Yg",="Y8",="XZ",="X2",="WW",="W0"
="2^12",="1000000000000",="12121201",="1000000",="112341",="30544",="14641",="10000",="5551",="4096",="3094",="2454",="1B31",="16C8",="1331",="1000",="E2G",="CBA",="B6B",="A4G",="961",="8A4",="7H2",="72G",="6DL",="61E",="5GJ",="568",="4P7",="4GG",="484",="400",="3P4",="3IG",="3C1",="35S",="2aQ",="2VU",="2R1",="2MG",="2Hb",="2DM",="29B",="254",="211",="1h2",="1e7",="1bG",="1YT",="1Vk",="1TG",="1Qe",="1OF",="1Lk",="1JQ",="1H8",="1En",="1Ca",="1AP",="18G",="169",="144",="121",="100"
="2^13",="10000000000000",="102020102",="2000000",="230232",="101532",="32612",="20000",="12212",="8192",="6178",="48A8",="3962",="2DB2",="2662",="2000",="1B5F",="1752",="13D3",="109C",="IC2",="GK8",="FB4",="E58",="D2H",="C32",="B6B",="ACG",="9LE",="932",="8G8",="800",="7H8",="72W",="6O2",="6BK",="5aF",="5PM",="5F2",="54W",="4ZX",="4R2",="4IM",="4A8",="422",="3e4",="3XE",="3QW",="3K9",="3Dg",="37W",="31S",="2mU",="2hc",="2cq",="2YG",="2Tf",="2PE",="2Ko",="2GW",="2CI",="288",="242",="200"
="2^14",="100000000000000",="211110211",="10000000",="1011014",="203504",="65524",="40000",="24424",="16384",="11345",="9594",="75C4",="5D84",="4CC4",="4000",="35BD",="2EA4",="2776",="20J4",="1G34",="1BIG",="17M8",="14AG",="1159",="O64",="MCM",="KP4",="JDS",="I64",="H1G",="G00",="F1G",="E5U",="DD4",="CN4",="BZU",="BD6",="AU4",="A9O",="9UP",="9C4",="8b1",="8KG",="844",="7Y8",="7JS",="75G",="6eI",="6RY",="6FD",="634",="5i7",="5XM",="5Mn",="5CW",="52P",="4oS",="4ff",="4X4",="4Oa",="4GG",="484",="400"
="2^15",="1000000000000000",="1122221122",="20000000",="2022033",="411412",="164351",="100000",="48848",="32768",="2268A",="16B68",="11BB8",="BD28",="9A98",="8000",="6B69",="5B28",="4EEC",="41I8",="3B68",="31FA",="2FLG",="28L8",="22AI",="1MC8",="1HPH",="1DM8",="19RR",="16C8",="1331",="1000",="U2W",="SBQ",="QQ8",="PA8",="NYN",="MQC",="LL8",="KJ8",="JK9",="IO8",="HV2",="GeW",="G88",="FMG",="Ed9",="EAW",="DVa",="D5I",="CUQ",="C68",="BZE",="BCi",="Ajh",="AP8",="A4o",="9gu",="9ON",="968",="8nB",="8WW",="8G8",="800"
="2^16",="10000000000000000",="10022220021",="100000000",="4044121",="1223224",="362032",="200000",="108807",="65536",="45269",="31B14",="23AA3",="19C52",="14641",="10000",="D5D1",="B44G",="9AA5",="83GG",="71CG",="638K",="58K9",="4HIG",="44LB",="3IOG",="38O7",="2RGG",="2JQP",="2COG",="2662",="2000",="1R5V",="1MNI",="1IHG",="1EKG",="1AW9",="17EO",="143G",="10cG",="ceI",="b6G",="ZJ4",="XbK",="WGG",="UiW",="TVI",="SLG",="REN",="QAa",="PA1",="OCG",="NHS",="MPY",="LaV",="KoG",="K9h",="JRs",="Imk",="ICG",="HbM",="H32",="GWG",="G00"
="2^17",="100000000000000000",="20122210112",="200000000",="13143242",="2450452",="1054064",="400000",="218715",="131072",="8A527",="63A28",="47876",="35AA4",="28C82",="20000",="19B92",="1489E",="1021A",="G7DC",="E34B",="C6HI",="AHHI",="9BD8",="89HM",="7BN6",="6HLE",="5R54",="5AOL",="4PJ2",="4CC4",="4000",="3LBT",="3BD2",="31YW",="2T4W",="2LRI",="2ETA",="286W",="21aW",="1ada",="1WCW",="1Rc8",="1NUe",="1JWW",="1FhI",="1CFa",="18gW",="15Sk",="12LM",="oK2",="mOW",="kZ3",="ipE",="hI7",="fiW",="eJT",="cto",="bcX",="aOW",="ZDi",="Y64",="X1W",="W00"
="2^18",="1000000000000000000",="111022121001",="1000000000",="31342034",="5341344",="2141161",="1000000",="438531",="262144",="169A53",="107854",="9241C",="6B768",="52A14",="40000",="32614",="28H1A",="20431",="1CF74",="17691",="12DDE",="LCCD",="IN2G",="GJAJ",="ENKC",="D8G1",="BQA8",="ALKD",="9L84",="8OO8",="8000",="79NP",="6MQ4",="63YT",="5M9S",="56Ha",="4TKK",="4GDP",="43XO",="3WcV",="3MPM",="3CXG",="33Ha",="2dKJ",="2Vea",="2OVP",="2HbG",="2B8h",="24gi",="1ne4",="1inC",="1eH6",="1ZmS",="1VaE",="1RX8",="1Nd1",="1Jrg",="1GI7",="1Cn4",="19RR",="16C8",="1331",="1000"
="2^19",="10000000000000000000",="222122012002",="2000000000",="113234123",="15123132",="4312352",="2000000",="878162",="524288",="3289A6",="2134A8",="15483B",="D90D2",="A5528",="80000",="64C28",="4HG32",="40862",="35AE8",="2ECI2",="25556",="1K223",="1DM58",="18DLD",="13LEO",="QH52",="NOKG",="LEBQ",="JCG8",="HIHG",="G000",="EJEH",="DBI8",="C7YN",="B8JK",="ACZZ",="9L32",="8WRB",="87R8",="7OaL",="7392",="6PNW",="66ZS",="5Xec",="5HZQ",="52G3",="4ZQW",="4MHb",="49Zc",="3mT8",="3bkO",="3RYC",="3Hh2",="38HS",="2tAG",="2lL2",="2dnQ",="2WaE",="2Pc8",="2Iss",="2COG",="2662",="2000"
="2^20",="100000000000000000000",="1222021101011",="10000000000",="232023301",="34250304",="11625034",="4000000",="1867334",="1048576",="6568A1",="426994",="2A9379",="1D41C4",="15AA51",="100000",="C974G",="9HE64",="80GC4",="6B18G",="584F4",="4AAAC",="3H446",="33KAG",="2H2I1",="27H3M",="1Q7A4",="1JLD4",="1DSNN",="18P2G",="14641",="10000",="T5T1",="QN2G",="OFYB",="MH34",="KPYX",="J464",="HQFM",="GFEG",="F8W1",="E6I4",="D84L",="CDRC",="BMaV",="AZP6",="A4W6",="9N5G",="8iZP",="8JLQ",="7k7G",="7Nem",="72FO",="6ZW4",="6GZ1",="5sKW",="5bg4",="5Leq",="56DS",="4pGG",="4bml",="4OmW",="4CC4",="4000"
="2^21",="1000000000000000000000",="10221112202022",="20000000000",="1014102102",="112541012",="23553101",="10000000",="3845668",="2097152",="1202692",="851768",="585725",="3C83A8",="2B65A2",="200000",="181E9F",="11HAC8",="G1E58",="D22HC",="AG998",="8KKL2",="7B88C",="67GL8",="595B2",="4F87I",="3PEK8",="3BEQ8",="2RSIH",="2HK52",="28C82",="20000",="1PBP2",="1JC4W",="1DVXM",="18Y68",="14EWT",="108C8",="ZDV5",="WUSW",="UHN2",="SCa8",="QG8g",="ORAO",="N0SH",="LP4C",="K9HC",="IkAW",="HeM1",="Gch2",="FfEW",="ElTi",="E4Um",="DHA8",="CXF2",="Bqf8",="BIR8",="AhNk",="ACQu",="9gWW",="9EaX",="8nZ2",="8OO8",="8000"
="2^22",="10000000000000000000000",="21220002111121",="100000000000",="2033204204",="225522024",="50436202",="20000000",="7802447",="4194304",="2405274",="14A3314",="B3B14A",="7B2772",="57CB54",="400000",="2G3C2D",="23H36G",="1D39AG",="1645F4",="10BIIG",="HJJK4",="EMGH1",="CF9IG",="AIAM4",="94GFA",="7O2DG",="6N1OG",="5QS85",="55AA4",="4GOG4",="40000",="3HNH4",="34O9U",="2RSW9",="2HWCG",="28TSL",="20GOG",="1VRNA",="1PLHO",="1JZ54",="1EPUG",="19WHf",="15AL4",="111BY",="h48O",="eIYO",="biLG",="ZVi2",="XRa4",="VVTD",="Th7a",="S98h",="QYKG",="PBU4",="NnQG",="MasG",="LSlY",="KOrr",="JP54",="ITC5",="Hb84",="GmmG",="G000"
="2^23",="100000000000000000000000",="120210012000012",="200000000000",="4121413413",="455444052",="131205404",="40000000",="16705005",="8388608",="480A538",="2986628",="1979297",="1185104",="B0A7A8",="800000",="5F7759",="47G6DE",="37702D",="2C8BA8",="212GGB",="1DHHI8",="16MAB2",="116JD8",="LBLJ8",="I974K",="FL505",="DI3L4",="BORGA",="AAKK8",="92I18",="80000",="72E18",="69EJQ",="5KMTI",="4ZSOW",="4HMK5",="40XAW",="3OG7K",="3B2Z8",="2dTA8",="2T9IW",="2JLZd",="2AKg8",="222NN",="1e8H2",="1XbM1",="1RegW",="1MEd4",="1H5M8",="1CC7Q",="17YFK",="13IHX",="rEeW",="oN58",="lgqW",="jGpW",="gvbA",="enml",="coA8",="awOA",="ZCG8",="XYXW",="W000"
="2^24",="1000000000000000000000000",="1011120101000101",="1000000000000",="13243332331",="1355332144",="262414111",="100000000",="34511011",="16777216",="9519A75",="5751054",="3625561",="232A208",="1716061",="1000000",="BDEEB1",="8FED9A",="6EE057",="54H30G",="425CC1",="35DDEG",="2DLKM4",="22DF2G",="1HNIDG",="1AIE9E",="14FA0A",="R87E8",="NKQ3K",="KLBAG",="I552G",="G0000",="E4S2G",="CIT5I",="B6AO1",="9ZLDS",="8Z83A",="81SLQ",="79WF1",="6M5UG",="5cHKG",="5GIbM",="4d0SZ",="4KfeG",="44521",="3YGY4",="3KRi2",="37XbG",="2iTT8",="2YAiG",="2OOF1",="2FGUe",="26aZD",="1qTRA",="1jkAG",="1dTn8",="1XXk7",="1RvGK",="1MecZ",="1HeKG",="1CtmK",="18OWG",="14641",="10000"
="2^25",="10000000000000000000000000",="2100010202000202",="2000000000000",="32042220212",="3155104332",="555131222",="200000000",="70122022",="33554432",="17A38A3A",="B2A20A8",="6C4AAC2",="4656412",="2E2C0C2",="2000000",="16ACC52",="HDB912",="DA90AE",="A9E61C",="84B432",="6B557A",="54KIL8",="453658",="3AMC27",="2LB2J2",="293K0K",="1QGF0G",="1ICN7B",="1BCML2",="15AA51",="100000",="S9N4W",="P3OB2",="MCLD2",="JZ6RK",="HXG6K",="G3J5E",="EJPU2",="D4BKW",="BZYeW",="AWbX2",="9Z1ER",="8fdaW",="88A42",="7MXM8",="6f8f4",="6FJQW",="5eA9G",="5ILcW",="4mmU2",="4UX9S",="4DKHQ",="3p50K",="3abKW",="3N3gG",="3AAZE",="2tuWe",="2jMIB",="2ZKeW",="2PoZe",="2Gn2W",="28C82",="20000"
="2^26",="100000000000000000000000000",="11200021111001111",="10000000000000",="114134440424",="10354213104",="1443262444",="400000000",="150244044",="67108864",="34976979",="1A584194",="10B988B4",="8CAC824",="5D59194",="4000000",="2D487A4",="1H95024",="181I129",="10J8C34",="G91864",="D0AAEK",="A9IEJG",="8A6CAG",="6LJO4E",="5GM5C4",="4I7D1D",="3P5214",="37PHEM",="2MPFC4",="2AKKA2",="200000",="1NJD9V",="1G7EM4",="19P7Q4",="13YDJ4",="ZTWD3",="W70AS",="T0CL4",="Q8N1O",="NUSeN",="LNXO4",="JR2TB",="HdZTK",="GGK84",="EjKiG",="DZHZ8",="CUd5G",="BVKIW",="AahRE",="9kk94",="99EJ4",="8QeYq",="7mA0e",="7IJf9",="6k7SW",="6KLDS",="5rt7M",="5ViaM",="5AfL4",="4peAJ",="4Xa52",="4GOG4",="40000"
="2^27",="1000000000000000000000000000",="100100112222002222",="20000000000000",="233324431403",="21152430212",="3216555221",="1000000000",="310488088",="134217728",="69842847",="38B48368",="21A64498",="13B7B248",="BBB3338",="8000000",="598GF38",="3H0A048",="2G3H24I",="21IH468",="1BI2GC8",="140KL7I",="KJE6G9",="GKD0L8",="DIEN93",="B7IAO8",="99EQ2Q",="7MA428",="6FM60F",="5FL0O8",="4LA9K4",="400000",="3E5QJT",="2WETA8",="2JFFH8",="27WR28",="1YMRQ6",="1QE0LI",="1J0P38",="1CH638",="16KGe5",="115P68",="dB5FM",="ZZREe",="WWeG8",="TifgW",="RNZNG",="PDUAW",="NDebF",="LNb4S",="JgfI8",="IISc8",="H0SGp",="FgK1Q",="EadRI",="DaF18",="CegQu",="BnqEi",="B4UDi",="ALMg8",="9gJKc",="95AA4",="8WmW8",="80000"
="2^28",="10000000000000000000000000000",="200201002221012221",="100000000000000",="1022204413311",="42345300424",="6436443442",="2000000000",="621087187",="268435456",="128585593",="75A94714",="437C8963",="27918492",="18876671",="10000000",="B20GD6G",="7G1208G",="5D7F49H",="43HE8CG",="32F5C3G",="281JKFE",="1IG5D9I",="19H21IG",="12C4LI6",="MFALMG",="IJ2P5P",="FGK84G",="D2FC11",="B1C1IG",="9BKJ98",="800000",="6SBK6P",="5UTOKG",="53UUYG",="4FTI4G",="3W8IFC",="3ES14a",="2c1B6G",="2OYC6G",="2CeXdA",="22B8CG",="1ZMAV1",="1RRATa",="1KKZWG",="1DhbdI",="180NkW",="12RCLG",="kRWPU",="glO96",="dYVaG",="ab5OG",="Y13Xn",="VUe2q",="TINsa",="RGU2G",="PORrt",="NfkTU",="M91RT",="KgjOG",="JNcfF",="IAKK8",="H2Y1G",="G0000"
="2^29",="100000000000000000000000000000",="1101102012212102212",="200000000000000",="2044414332122",="125135001252",="16206220214",="4000000000",="1342185385",="536870912",="256060076",="12B969228",="872C45C6",="51432944",="321ECCE2",="20000000",="1541G9DF",="FE240HE",="B7FB90F",="87F8H5C",="659B37B",="4G3HJ96",="3E9B3JD",="2JA43D8",="24O9IBC",="1J4LHJ6",="1AB5NBN",="135CG94",="Q51O22",="M2O372",="INA7IG",="G00000",="DNN7DH",="BRPF6W",="A7QQXW",="8VN08W",="7RGaUO",="6TI29Y",="5b2MCW",="59SOCW",="4PeQbK",="44MGOW",="3S1LJ2",="3BALFS",="2efQJW",="2RfTWa",="2G10kH",="256OgW",="1i6G2B",="1ZimIC",="1SICLW",="1LMAmW",="1F27Ej",="197Q5o",="13alsH",="sX44W",="omtor",="lPZ12",="iI2sw",="fPUmW",="clGLU",="aKeeG",="Y552W",="W0000"
="2^30",="1000000000000000000000000000000",="2202211102201212201",="1000000000000000",="4144334214244",="254314002544",="35415440431",="10000000000",="2684381781",="1073741824",="501110141",="25B716454",="1415B8BBC",="A2865488",="643EAAD4",="40000000",="2A83G2AD",="1DA481HA",="13FC3I1B",="GFAHEB4",="CAJ16F1",="9A7DGIC",="75IM7G3",="5EK872G",="49NJBMO",="3C9H9CC",="2KMBJNJ",="26AP4I8",="1NA3J44",="1E5I6E4",="16FKF61",="1000000",="REDER1",="NLGUDU",="KFIIWT",="HRA0HS",="FHXaOB",="DKa4JU",="BZ55PP",="AJH8PO",="9AeCXe",="892X7M",="7D2gc4",="6MKgVC",="5ac7dJ",="59bDJQ",="4W21jY",="4AD1bG",="3dCW4M",="3LdkaO",="35aOhD",="2giLjC",="2U4ETb",="2IEqBk",="27IerY",="1rA898",="1iesin",="1apC24",="1Ta5ov",="1Mp1b4",="1GXWgy",="1AfJIW",="15AA51",="100000"
="2^31",="10000000000000000000000000000000",="12112122212110202102",="2000000000000000",="13344223434043",="553032005532",="104134211162",="20000000000",="5478773672",="2147483648",="A02220282",="4BB2308A8",="282BA4AAB",="1652CA932",="C87E66B8",="80000000",="53G7F549",="3928G3H2",="27C57H33",="1DB1F928",="140H2D92",="IKF5BF2",="EBELF96",="B5GGE58",="8JMDNKN",="6OJ8IOO",="5EHNCKB",="4CLM98G",="3HK7988",="2SB6CS8",="2D09UC2",="2000000",="1LSQTL2",="1D8XQRQ",="15V22UN",="ZIK0ZK",="UZUaBM",="R3Y91M",="NVABCB",="KcYHB8",="ILdPQd",="GI5OF2",="EQ5gX8",="D0ffIO",="BSVFXc",="AJSQd6",="9H43iL",="8KQ3QW",="7TPF8i",="6hThMm",="6BLnZQ",="5XahcO",="578T6L",="4aToNc",="4EbQqD",="3oKGIG",="3WOqWf",="3FiO48",="30DBgt",="2jg3E8",="2X64Ox",="2LKcb2",="2AKKA2",="200000"
="2^32",="100000000000000000000000000000000",="102002022201221111211",="10000000000000000",="32244002423141",="1550104015504",="211301422354",="40000000000",="12068657454",="4294967296",="1904440554",="9BA461594",="535A79889",="2CA5B7464",="1A20DCD81",="100000000",="A7FFDA91",="704HE7G4",="4F5AFF66",="3723AI4G",="281D55I4",="1FJ8B184",="1606K7IC",="MB994AG",="HEK2MGL",="DNCHBNM",="B28JPDM",="8PFGIH4",="76BEIGG",="5QMCPQG",="4Q0JTO4",="4000000",="3AOKQ94",="2QHXJLI",="2BR45QB",="1Z141Z4",="1OYOZN7",="1G7UI36",="18NKMOM",="11bSYMG",="b2cACb",="WaB6U4",="T9BgNG",="Q1dcb4",="NCHVMV",="KdB7WC",="IY87fg",="Gf475G",="FA1UHd",="Db9ajk",="CMhmK1",="BFLZOm",="AEH5Cg",="9J5klM",="8TJrnQ",="7ieWaW",="77nm8P",="6VUm8G",="60QNQp",="5VO6SG",="55C8nv",="4gfFC4",="4KeeK4",="400000"
="2^33",="1000000000000000000000000000000000",="211011122110220000122",="20000000000000000",="120043010401332",="3540212035412",="422603145041",="100000000000",="24148426018",="8589934592",="3708880AA8",="17B8902B68",="A6B826445",="5B6B908C8",="3541CAC12",="200000000",="13FEEA412",="E09HAFE8",="9BB2CBCC",="6E471G9C",="4G35ABF8",="39GH02G8",="2C0DHFE1",="1KMII8L8",="1A4F5K8H",="11KP8NLI",="M4HCO0H",="HN35968",="ECN0843",="BNEPLN2",="9L18SH8",="8000000",="6LG8JI8",="5J1X592",="4NJ8BHM",="3Y283Y8",="3CWCY9E",="2WFMa6C",="2H826A5",="23ZHT4W",="1X5ZKPX",="1NUMDI8",="1FINg3W",="183ZXU8",="11OZI0H",="fWMFIO",="bLGFab",="XY8EAW",="UK3BZT",="ROJNfg",="Ojaje2",="MUhIni",="KSYAPV",="IcBdei",="H3dqhq",="FXP9H8",="EFgdGo",="D53cGW",="C0qkrh",="B2mCuW",="AAOHcr",="9NKUO8",="8fIHe8",="800000"
="2^34",="10000000000000000000000000000000000",="1122100021221210001021",="100000000000000000",="240141021303214",="11520424115224",="1145506323112",="200000000000",="48307853037",="17179869184",="7316651AA5",="33B5605B14",="180A34C88A",="B8D9413B2",="6A83A6924",="400000000",="27ECC3824",="1A11H3DAG",="104356465",="D88E3CJ4",="9B6B029G",="6JBC05AG",="5114C852",="3HLDCHIG",="2K95BFH9",="23FOHLHA",="1H97PL17",="17I6AICG",="SPH0G86",="NGTLDG4",="JB2HQ3G",="G000000",="D9WH63G",="B43WAI4",="9C3GN09",="7W4G7WG",="6PRPVIS",="5QV7YCO",="4YG4CKA",="47UZI9O",="3PBU0AP",="35J2QaG",="2Ub4f7L",="2G7RNGG",="234Pa0Y",="1bIiUb2",="1RgWVQR",="1JKGSLG",="1Be6NM9",="14mclXY",="neMeT4",="j9Ybla",="f4FKp9",="bMNPRY",="Y7OoWn",="VAoIYG",="SVSLXh",="QA7IX6",="O1kYmR",="M5aPr4",="KKmZGj",="IkeymG",="HJaZHG",="G00000"
="2^35",="100000000000000000000000000000000000",="10021200120220120002112",="200000000000000000",="1030332043111433",="23441252234452",="2324315646224",="400000000000",="107616816075",="34359738368",="136321A3A9A",="67AB00BA28",="331769C447",="193D482784",="D6175D348",="800000000",="4FC876G48",="3223G793E",="2086AC8CA",="16GH875I8",="J1D104JB",="DH120ALA",="A2291GA4",="7BJ31BD8",="5FIAN69I",="475N9H8K",="37IFOF2E",="2F8CL8P4",="1SM513GC",="1H3TCR28",="17M54L71",="10000000",="QJW1C6W",="M87UL28",="IO6XB0I",="FS8WFSW",="DEIEQ0J",="BFOFUPA",="9TW8P1K",="8FLUaJ8",="79NJ0L9",="6Ac5BUW",="5IV9dEg",="4WFB2WW",="4696R1N",="3SbhFS4",="38cIG67",="2ceX8gW",="2NVCkiI",="29lRjHI",="1mTjU78",="1cJHNhK",="1T8UfnI",="1Kikp1E",="1DEnkAh",="16LibCW",="105uhAT",="qKEb8C",="m3YAbs",="iBCpk8",="efa9XT",="bVJxYW",="YdA7YW",="W00000"
="2^36",="1000000000000000000000000000000000000",="20120101011211010012001",="1000000000000000000",="2111214141223421",="51322544513344",="4651634625451",="1000000000000",="216334733161",="68719476736",="27164397A89",="1139A01B854",="663206B891",="347C925128",="1BC2EBB691",="1000000000",="9E7GEDF8G",="6447EF07A",="40GD25H61",="2DDEGEBGG",="1H35209I1",="15C240LKK",="K44I39K8",="ENE62N2G",="B6BLLCJB",="8EBKJ8HE",="6FA4M351",="52GPEHM8",="3SFA273O",="347SPO4G",="2FDA9BE2",="20000000",="1K6V2ODV",="1AGFR84G",="12DDVM11",="VKHSVLS",="QSaTF11",="MVAVNCK",="JKPHB31",="GV3LWcG",="EJ5c11I",="CLYANJM",="AbJJZTf",="9KUM5LK",="8CID931",="7BTeVA8",="6HTaWCE",="5TXIHbG",="4lDPida",="4Jj5eYa",="3k8e9EG",="3OcYlYe",="35H8Uja",="2fZdm2S",="2QTibLV",="2ChXIP8",="20BuTL1",="1keTGGO",="1b79LGn",="1SMPhWG",="1KMBJ5w",="1D0dv72",="16FKF61",="1000000"
="2^37",="10000000000000000000000000000000000000",="111010202100122020101002",="2000000000000000000",="4222433333002342",="143045533431132",="12633602554232",="2000000000000",="433670566332",="137438953472",="53318784A67",="2277803B4A8",="CC6410A452",="691B44A252",="3895E87D32",="2000000000",="12BFGCAE0F",="C88FBC0F2",="81E74BFC2",="5779D93DC",="3D6A40JF2",="2B2481LJI",="1H89D6JHG",="15N4C5M58",="MCNII0DM",="H2NFCH92",="D3K9H6A2",="A55N17GG",="7S1K4E7J",="68FRLI92",="4UQKIMS4",="40000000",="37DT5FRT",="2KWVKG8W",="24QRS922",="1R4ZLR7K",="1GKaLU22",="17OLP8P2",="102BYM62",="XM73PaW",="ScBZ22a",="P1QL4d2",="LVcdSGd",="IfH0Age",="GOaQI62",="ENDZGKG",="CZCQHOS",="BBIaZQW",="9jR2eUN",="8deBVJM",="7fHTISW",="6nPHhHS",="6AYH8cJ",="5THPg52",="4r4YJh7",="4PVAaoG",="40Nu1g2",="3ZN0WWm",="3FEIgXd",="2uipR4W",="2eiMcBt",="2Q1HqE4",="2CUeUC2",="2000000"
="2^38",="100000000000000000000000000000000000000",="222021111201021110202011",="10000000000000000000",="14000422221010234",="330135511302304",="25600505441464",="4000000000000",="867451243664",="274877906944",="A6636459A23",="4533407A994",="1CBC82178A4",="D4388964A4",="723BE20B64",="4000000000",="256EG84B1D",="16GHD561C4",="G39E94C54",="AEEJ6I774",="75CK81I94",="5048G3LHE",="3BGJ3DGC9",="2BM90BKAG",="1K0MCB12J",="185L4P8I4",="Q7DJ7CK4",="KABI2F54",="FR3B8SF9",="CH1PD6I4",="9UMA6EP8",="80000000",="6ERPAVMP",="57VT6WHU",="49IKLI44",="3I9Z7IF4",="2X4a6N44",="2FB5CHC4",="204NU5C4",="1R4E7BXO",="1GZNT45V",="183B09a4",="10KYaDXZ",="bcY0Lfa",="X4S7aC4",="T0ROWeW",="PNP5Z29",="MMbPN5G",="Jg55WBk",="HTUNCci",="FVZ7b6D",="DkoZYZ4",="CLFYHNc",="B4YpUA4",="9p9DdVE",="8p6LHiW",="80lt3R4",="7Ck177c",="6USbQ8J",="5rTgs94",="5KRjFNn",="4q2ZgS8",="4OzHyO4",="4000000"
="2^39",="1000000000000000000000000000000000000000",="1221120000102112221111022",="20000000000000000000",="33001344442021023",="1100315423005012",="54501314213261",="10000000000000",="1846012487438",="549755813888",="1A2171908946",="8A668139768",="3CAC3432478",="1C87334C968",="E478D417C8",="8000000000",="4ADCFG9539",="2DFH8AC368",="1D709I95A8",="1199IDGEE8",="EB4JG3FI8",="A08HA7LD6",="70AF74A1I",="4NKI0NGL8",="3F1JOM25D",="2GBG9OHA8",="1PF0BEPD8",="1CKN852A8",="12P6MHS1I",="P43KQD68",="JUDKCTJG",="G0000000",="CTMHLUCH",="AFTODV1Q",="8J268188",="70JYF0U8",="5T9ZD988",="4UMAOYO8",="4098LAO8",="3E8SENR8",="2XU6H8BL",="2G6M0JU8",="20fQTROR",="1VXO0hdS",="1L9BFRO8",="1C193JZI",="1403BN4I",="ijR2kAW",="dZABFNh",="Z9AkPRc",="VCJFNCQ",="RfnJHI8",="OgVFYlN",="M9Fn6K8",="JlIRO7S",="HkCgZX8",="G1cr6s8",="EPY2EFI",="D1vFqGc",="BkxPmI8",="AetTUlb",="9g59MuG",="8nxZvm8",="8000000"
="2^40",="10000000000000000000000000000000000000000",="10220010000212002212222121",="100000000000000000000",="121003244434042101",="2201035250014024",="142302631426552",="20000000000000",="3803025085877",="1099511627776",="394333716791",="159114277314",="7C8B6864923",="3B30669B4D2",="1D902B830A1",="10000000000",="94A8EG1A71",="59DGH366CG",="37E10HIB1G",="22IJH7D98G",="1819IB7AFG",="K0HCKFL4C",="E0L7E8K3D",="9NHC1N9IG",="753EOJ4B1",="56N6JN8KG",="3O30N2NQG",="2PDIGA4KG",="25LDG6R37",="1K87BMQCG",="18TR9PS81",="100000000",="PQC2ARP1",="KVPERS3I",="H34CG2GG",="E13WU1OG",="BLJXQIGG",="9N6LBVAG",="80IH3L9G",="6SHGT7EG",="5QJCYGN1",="4WD20dIG",="41eAGC6B",="3JN41hZC",="2gIMVA3G",="2O2I6dOa",="2806Mk8a",="1fh65iLG",="1ULKMUlb",="1KILh15Q",="1BOcUkP1",="13VkcYaG",="nW9VGfk",="iIViCeG",="ddasmF1",="ZaPTFAG",="W3KnDpG",="SpA4SUa",="Q3tVjXH",="NXwpaaG",="LKnx0YD",="JMAIjoW",="Hau8qXG",="G000000"
="2^41",="100000000000000000000000000000000000000000",="21210020001201012202222012",="200000000000000000000",="242012044423134202",="4402114540032052",="314605563156434",="40000000000000",="7706051182865",="2199023255552",="778667332472",="2B6228532628",="12C4A03C9546",="7860CD589C4",="3C305816152",="20000000000",="11940CF33E2",="B19FG6CD7E",="6F921GI33D",="45HJEF6IHC",="2G2JG1F0AB",="1I1D3J9K92",="151JF5HH73",="JNB03MJD8",="EA74OD8M2",="ADKDDKHF6",="7L61J5KQ5",="5MR94K9D4",="4BDR3DP6E",="3AGENFMP2",="2HSNJKPG2",="200000000",="1IJO4LMH2",="17TGTLM72",="Y68OW4WW",="S27TO3CW",="N62UFaWW",="J8D4NOKW",="G0aY73IW",="DGYXIESW",="BBcPRX52",="9MQ41aaW",="83bKWOCM",="6d283hQO",="5db0HK6W",="524aDX3Q",="4G0CjjHP",="3ZcCBegW",="3BgejCkP",="2eaha2B2",="2MnQAfo2",="27BfPHKW",="1kBJ9XUd",="1Yb9YPQW",="1OOIsfU2",="1FGp2UKW",="176ffRjW",="viK8v3E",="q7q4W7Y",="l7vhDCW",="gfcv17Q",="ciKbTd2",="ZAnHg3W",="W000000"
="2^42",="1000000000000000000000000000000000000000000",="120120110010102102112221101",="1000000000000000000000",="1034024144401323404",="13204233520104144",="632514456346201",="100000000000000",="16513112375841",="4398046511104",="1446223664934",="5B0454A65054",="25B9707C5A8C",="112C1BCB35A8",="7960B12C2A4",="40000000000",="231818D67B4",="1431DED78FA",="DBI43EH677",="8BFJ9ADHF4",="5B5IB39101",="3E347GJII4",="2A3G7BCBE6",="1FMM07LF2G",="13KE9O1HJ4",="L1F11F94C",="FFC3BBEPA",="BHQI9CIQ8",="8MRP6RLCS",="6L2TH1FK4",="54QG8AK14",="400000000",="346F9AC14",="2FOXP9AE4",="1XCHET9UT",="1K4FNC6PS",="19C5NVaSR",="10GQ99B3Q",="W1YTE6bP",="QXTQaTHO",="MNaAEPA4",="J3A83VVM",="G7VfM5P1",="DY4G7h94",="BYT0YeDJ",="A49QRK76",="8W0PihZ3",="7NSONXbG",="6NaWfPi1",="5VNbM4M4",="4jm1LWn4",="4ENUoYfC",="3dMcJE8P",="3FKJEorA",="2mmbsS54",="2UXk54f8",="2EDQPtY7",="1vUeHu6S",="1jFj95F9",="1YFtQQP4",="1OMGr2Eq",="1FQfCxG4",="17LZZL71",="10000000"
="2^43",="10000000000000000000000000000000000000000000",="1011010220020211212002212202",="2000000000000000000000",="2123103344303202313",="30412511440212332",="1565332246025402",="200000000000000",="34126224762782",="8796093022208",="2891447219768",="BA08A990A0A8",="4BA6112BB84B",="225A39B86B72",="103C17259558",="80000000000",="462G309CF58",="28639B8EHD2",="184H87AFCEE",="H3BIJ17FA8",="B1BG16I202",="7668FBHFE8",="4K79F0205C",="37LK0FJ658",="27G3JN3AD8",="1G34234I8O",="143O6MN2NK",="N7P8IP9OG",="HGQLDQDPR",="DC5T431A8",="A9M1GL928",="800000000",="68CUIKO28",="4VFXGIKS8",="3VOYTNJQN",="348VAODFK",="2IOBAQaKH",="20XEIIM7E",="1P3UJSDaB",="1DRJDXIZ8",="146VKT9K8",="c6KG7LL2",="WFKe1B72",="RO8WFgI8",="NOD1OZQc",="K8J78eEC",="HH14geN6",="El90lJQW",="ClOGY2d2",="BClOi8i8",="9ej2hEl8",="8Sl9nHUO",="7PjNcSGo",="6UecTlqK",="5ggKs1A8",="55BaA9QG",="4SQqpsBE",="3v3MZsCu",="3VVVIAUI",="38Voqqo8",="2miXj4Th",="2UrKPuW8",="2Eh87gE2",="20000000"
="2^44",="100000000000000000000000000000000000000000000",="2022021210111200201012202111",="10000000000000000000000",="4301212244111410131",="101225423320425104",="3463664525054104",="400000000000000",="68253450635674",="17592186044416",="5672893438425",="1B81597618194",="9A7C225AA399",="44B67592D904",="20792E4B3AB1",="100000000000",="8C5F6128DAG",="4GC714HBH84",="2G9FGF2C6A9",="1E73HI2FB0G",="1132B2DF404",="ECCH91D96G",="9HEJ7040B1",="6FJG17ECAG",="4F77EL6L1G",="3668469AHM",="287LDIJ5KD",="1IFMH9MJL4",="164ODRNRMP",="QOBS862KG",="KJD32BI4G",="G00000000",="CGPS48F4G",="9SVWX37MG",="7SEYOC4IB",="68HQLCQV4",="50BMLGa3Y",="41SSab6ES",="3B7M0HRXM",="2REcRQbUG",="28DM0HIeG",="1YCeWF104",="1LUfb2ME4",="1B4HKVeaG",="123Q34Q8V",="eGcEHYSO",="YY29cXkC",="TkI1kd5G",="PjmXJ5T4",="MPincHcG",="JUd5ZThG",="H5gJkZ8m",="EpblO3Xl",="D7RN5foe",="BUTfr2KG",="AANGKIqW",="8urmkpMS",="7u6jDoPs",="7443aL1a",="6H3fjjeG",="5aS6T8xP",="4ziepp2G",="4TNGFLS4",="40000000"
="2^45",="1000000000000000000000000000000000000000000000",="11121120121000101102102111222",="20000000000000000000000",="14102430043223320312",="202455251041254212",="10260662353141211",="1000000000000000",="147517011372458",="35184372088832",="1023567687584A",="3B42B73034368",="1682B44B87765",="898D0B45D408",="41035D977672",="200000000000",="107BDC250A4F",="9F6E29H5GG8",="5E0CEB55D1I",="38E7FG5B21C",="22651569808",="1733CI34IDA",="JC6FE080M2",="D7F82F50L8",="95EF4HDH37",="6CCG8CIL9I",="4GFG0ABBDQ",="393H6JHBE8",="2C9JRQIQGL",="1NINQGC5B2",="1A7Q64N591",="1000000000",="P0IN8GU8W",="JNTVW6FAW",="FLTYDO91M",="CGZH6PHQ8",="A0N85XZ7V",="83JJZaCTI",="6MF50ZGS5",="5ETbFDZKW",="4GR30YbdW",="3QPdMU208",="30IeV51S8",="2M8YfJbSW",="2477697HH",="1YXUSZNB2",="1ML4JUKjO",="1Bia3jUAW",="12gmHcB98",="j1dnQZQW",="dARBK8ZW",="YBWdfIHi",="ToMfm7Ef",="QF0kBTlQ",="N64Sp4eW",="KKkWebn8",="Huoeajiu",="FsDWRgpo",="E887Dg3D",="CY7NVVKW",="BBuCwHvo",="9zRJfe4W",="8wkWUgu8",="80000000"
="2^46",="10000000000000000000000000000000000000000000000",="100020011012000202211212000221",="100000000000000000000000",="33210410142002141124",="405354542122552424",="20551655036312422",="2000000000000000",="306135022755027",="70368744177664",="20470242640599",="7A85B26068714",="3035989A421CA",="1353C188BC812",="8206BC3EECE4",="400000000000",="20F6A74A139D",="11CDA51GBFEG",="B916A3AB73H",="6H8FBCB2434",="44CA2ACIG0G",="2E673E69F4K",="1G1D850G1L4",="12F6G56A1IG",="IB459A296E",="COP6GPBGJA",="96450KMN0P",="6I76DB6N0G",="4OJAQO8O4D",="3H7HN2OAM4",="2KFLC9FAI2",="2000000000",="1H14DH0RHV",="15DPTUCULU",="V8OXRDI39",="OXYYDEZGG",="K19GBUXFP",="G711XYPKa",="D5UA1VXHA",="ATJYURV1O",="8XD61SYcN",="7B9b3I40G",="60bcJA3DG",="50HPcdVDK",="48EECIEYY",="3NLFBP0M4",="2ig8dDfi1",="2NfO7hCLG",="25alZRMIG",="1e3Tn3L3E",="1RL3MeHKD",="1GNDRUaZa",="16ljUhETT",="qU1cN5eq",="kC92l9Q9",="efb9PJgG",="ZuiOGYWt",="VoR6tRjg",="SGGERP6Q",="P8El32f4",="MNpPtZsd",="JysdLI92",="HsU1zMnG",="G0000000"
="2^47",="100000000000000000000000000000000000000000000000",="200110022101001112200201001212",="200000000000000000000000",="121421320334004332303",="1215153524245545252",="41433643105625144",="4000000000000000",="613271045621055",="140737488355328",="40930485181087",="1394BA50115228",="606B6467843C7",="26A7A3339B224",="1140D897EEAD8",="800000000000",="41DD3E932729",="23792A3F5DBE",="13I2D1723E7F",="DEHB3524868",="893K504GB1B",="56CE76CJ89I",="3933GA193J8",="256D8ACK3D8",="1BM8AIK4ID3",="PNOD7ON7CK",="IC8A1EIJ1N",="D8ECQMDI14",="9K9LOJHJ8Q",="74F5G5ILE8",="5A0BOIUL54",="4000000000",="3128R11M2T",="2ARHPQPR9Q",="1RHEWJR16I",="1DVXWQTYWW",="132IWNOTVD",="WE23TVD3Y",="QBLK3ORYK",="LIdTLFM38",="HPQC3GSa5",="EMJW6a80W",="C1WXcK6QW",="A0Z7XZIQe",="8GSSOaTON",="70gUN40i8",="5gbHVRaf2",="4lZ0FcOgW",="4BOkM5iaW",="3U79m6g6S",="33g6jTYeQ",="2WkR39LJK",="2Dgc8XT65",="1p63MkBRo",="1bOI5dIqI",="1PRIIodSW",="1EuVmXC8r",="15gsDqtXQ",="uWWSsoCq",="oGTY65M8",="ilfpoAmH",="dxlGgaI4",="Zjy3xjZW",="W0000000"
="2^48",="1000000000000000000000000000000000000000000000000",="1100220121202010002101102010201",="1000000000000000000000000",="243343141223014220111",="2434351452535534544",="113200616214553321",="10000000000000000",="1326552102342121",="281474976710656",="8176095A352163",="2769B8A022A454",="C109C902387C1",="4D71666758448",="2281C240EE6C1",="1000000000000",="83A97C164E51",="46F0527CB95A",="27H572E479FB",="179F26A48GCG",="GI7JA09C131",="AD36ED3GGJE",="6I679K2I7FG",="4AD2GL1G72G",="2NJGLCF9C16",="1PLN0FNKEPE",="19OGK32AB3J",="QH0PPGR828",="JBJEKA69HN",="E90B2B7CSG",="AK0NI6UBA8",="8000000000",="624HL23B5P",="4LL1HJHKJI",="3JYTU4J2D1",="2RRVTHNXTS",="2650SACMPQ",="1QS47LOQ7U",="1DN417AGU1",="12bdJ2V46G",="ZABO6XGVA",="T2dMDUG1M",="O3MOXeDAL",="K1QFNQb9a",="GXCC4SE41",="E1dF081gG",="BcRZG8QZ4",="9lM0VT1bG",="8N0hiBeOF",="7AEJkDYD6",="67XDe8IU1",="5Df26Igce",="4RWNHE5CA",="3mC6jcN1k",="3JmaBNbna",="2osabjN18",="2Tu6e9OHn",="2BRoRlr8q",="1s65vofPj",="1eWx8CAiG",="1SYMgdLZY",="1HvWXNAa8",="18Sv7uS81",="100000000"
="2^49",="10000000000000000000000000000000000000000000000000",="2201211020111020011202211021102",="2000000000000000000000000",="1042241333001033440222",="5313143345515513532",="226401535432436642",="20000000000000000",="2654214204684242",="562949953421312",="1534118096A4316",="5317B5804588A8",="1B216C504742B2",="9D02CCD0B2892",="45139481EDD92",="2000000000000",="G741F72C9BA2",="8DC0A4F750B2",="4FFAE598F0C3",="2EJA4D08HD5C",="1CFFHK0J3262",="L46D747BBH6",="DDCEJH5DF89",="8L259I38E58",="5ME8I05IO2C",="3PHK15LF3P2",="2JM6D64KM7B",="1P61NN5QG4G",="19NA0BKCJ6H",="SI0M4MEPR2",="L91G5DTMKG",="G000000000",="C492946MBH",="9983151752",="74YOP934Q2",="5JJRMZBVNK",="4CA1JKP8EF",="3FI8F5BEFM",="2R782EKXL2",="25Zcc5M8CW",="1TKN7DPXLK",="1G5b2RIW32",="15726ObQKg",="e38V39UJS",="XLOO9BS82",="S3WU0G3cW",="NU8NWH6N8",="Jki1FA3QW",="Gk1cdNVmU",="EKSdgRIQC",="CFFRTGb92",="ARU4CbXPS",="92BkYSAOK",="7gODbMk3c",="6dgHMlKiH",="5jrHJYk2G",="52tDNImZf",="4MtgtbmHk",="3nCBugNpV",="3L5wGOLSW",="2v7jOHhA7",="2Zr34kLAG",="2GvpFnuG2",="200000000"
="2^50",="100000000000000000000000000000000000000000000000000",="12110122110222110100112122112211",="10000000000000000000000000",="2140033221002122430444",="15030331135435431504",="456103404165206614",="40000000000000000",="5418428410478484",="1125899906842624",="2A6823518298631",="A633AB408B5594",="39430BA0918594",="15C05BBC185344",="8A273913ECC34",="4000000000000",="1FE83DE582634",="H96129CEA144",="9CC29AIHB156",="59J0960HF6B4",="34AAEJ1H64C4",="1K8D4E8F11CC",="14426GBB47GI",="HI4AJC6H4AG",="BK3HB0BCN4O",="7P9E2BH47O4",="5CHCQC9EHEM",="3MC3JIBP494",="2JHK0NBP9D5",="1R61E9ETLO4",="1BI31ARSEA1",="10000000000",="O8I4I8DBN1",="IIG62A2EA4",="E9YEFI69H4",="B33J9YNRB4",="8OK324DGSU",="6UaGUAMSV6",="5FEG4T2S34",="4BVbaB4GPO",="3I05ERAQ1e",="2WBW5CbM64",="2AE4D6W9ff",="1a6HI6JGdC",="1Lh43INBG4",="1A7JE0W7VI",="10DH0HYCkG",="dje2UK75G",="Xh3STlEmB",="Sf7TZ4b2O",="OUV47XNI4",="L388PNEp4",="I4NeG3Kme",="FUmRKjc7M",="DOTYjdfXY",="BZoYdDa4W",="A5rQkbeEP",="8jrRrHcZY",="7dONsPli3",="6gBuWmgv4",="5rFTmZPKE",="59i69UgKW",="4XqdVanW4",="400000000"
="2^51",="1000000000000000000000000000000000000000000000000000",="101221021221221220201002022002122",="20000000000000000000000000",="4330121442004300411443",="34101102315315303412",="1245210111363416531",="100000000000000000",="11837857821068078",="2251799813685248",="5A2546A35586162",="190679A815AAB68",="75861A71533B58",="2BA0B99A32A688",="1254E7327EA968",="8000000000000",="3EBG7ABAG4C68",="1H0C2517B2288",="1065502IG32AC",="AJI0IC1FAD28",="69008H3DC938",="3IH496H82332",="2884D9MM8FAD",="1BC8LF0DA8L8",="NF79M0N0L9N",="FOJ24N88FM8",="AP7PPOJ282H",="7GO7B8NM8I8",="5A6B1HNLIQA",="3OC2SITTDI8",="2N562LOPSK2",="20000000000",="1FH393GQND2",="132WC4K4SK8",="SJXSV1CIY8",="M672JXBIM8",="HC3648QXKN",="DNYXML7JOC",="AUSW9J5H68",="8NNZWM8XB8",="6a0ATDLB3d",="5MNMAPX2C8",="4KS8QDLJed",="3SCYaCcXYO",="2hf86b1MW8",="2KEcS1IFGa",="20QY0ZLPjW",="1VhW5CeEAW",="1Ib78AjTlM",="17WF9K9O4m",="nAB8FFka8",="g6GGokTo8",="a8lRW6fiR",="V7h0fbMEi",="Qn4EaOSCD",="NFjDMRG98",="KBnraINSo",="HXmtmZJDA",="FJmlnpaT6",="DONr5bPs8",="BjUxa9oeS",="AJQCIzMf2",="94gG0Aa18",="800000000"
="2^52",="10000000000000000000000000000000000000000000000000000",="210212120220220211102011121012021",="100000000000000000000000000",="14210243434014101323441",="112202205035035011224",="2523420223060136362",="200000000000000000",="23776826742147167",="4503599627370496",="1094A92970061314",="361137942B99B14",="11B3C3812A679B3",="59619556656D32",="24A9DE650E63D1",="10000000000000",="7C6FF464F97CG",="3G164A2F444GG",="20CAA05ID6525",="11JG1H43B164G",="CI00HD763I6G",="7FC8IDCG4664",="4GG93JMLH7L3",="2N0HJ612KHIG",="1M5EJJ1L1HJL",="15NC49KGH5IG",="LNFOOMB4G57",="F5KEMHJGH8G",="AKCM36IE8NK",="7IO5R7TSR6G",="5FAC5CIKQ94",="40000000000",="2V16I70KDQ4",="265UO969N6G",="1M4WMR2P2XG",="18CE53UN18G",="YO6C8HGU49",="R9VT74F1AO",="LMIPIcAYCG",="H77VP4HQMG",="DV0LHR1M7b",="B352L9O4OG",="8fDH9QgdcZ",="7CPPSPXNP4",="5gbGDT30JG",="4eTVA2aUXQ",="416L1Nh4iH",="3FdGAPWSLG",="2bPEGLgAji",="2FEUIeIm9k",="1lKMGUVgLG",="1WCWXnf7mG",="1JHg2BDUa1",="18FW1TKiTY",="rh8THn1OQ",="kVYQisWIG",="eNgoFal0h",="Z9drdCcQK",="UdcaeiDwC",="QmlkBEpmG",="NU0wBJeJu",="KcqObyjK4",="I9LW0L92G",="G00000000"
="2^53",="100000000000000000000000000000000000000000000000000000",="1121202011211211122211100012101112",="200000000000000000000000000",="33421042423033203202432",="224404414114114022452",="5350140446150306054",="400000000000000000",="47664754584305345",="9007199254740992",="2179A75830112628",="702273685B77A28",="2397B7325802696",="B4C34AACCADC64",="4964CDCA1DC7B2",="20000000000000",="F7DED8C9E1F8F",="7E2C925C889FE",="416210BI7CA4A",="23JC3E8722C9C",="14F01E5EC7FDB",="F92HF53A8CC8",="9A9I7GMKBFJ6",="5M1BEC25HBD8",="3JB4ED3H3AEH",="2BKO8JF78BB6",="1GK4MMHM95AE",="12BD1H7B56H4",="LBPF6D7SHIB",="F7IBOFTROD2",="AUKOAP6ALI8",="80000000000",="5T2D3E17RJ8",="4CBREICJCCW",="399UAJ5F5VW",="2GOSA7PA2GW",="1WBCOGYXN8I",="1GJPKE8U2LA",="145bBbbLTOW",="YEFNA8ZD4W",="RL11ZD33FX",="M6A50J696W",="HdQYJAgaYR",="EP77D7N368",="BeTWRD60cW",="9ZDGK5RFL6",="82Cg30d9fY",="6VUWL3H8gW",="5Q1SWhZLgd",="4UTAbUbkJg",="3heiXACXgW",="3CPDFlUFiW",="2cZV4MR8J2",="2GVA34fZ5E",="1qVH3Zh2mq",="1b7CrXr8aW",="1NlShVGb1T",="1CJLnKPIqe",="12KIEMTRvO",="rbZWMThaW",="ky1tMdJdp",="fFgnDxSe8",="aIh10gI4W",="W00000000"
="2^54",="1000000000000000000000000000000000000000000000000000000",="10020111100200200022122200101210001",="1000000000000000000000000000",="122342140401121411410414",="453213232232232045344",="14030311225330615141",="1000000000000000000",="106440620278611701",="18014398509481984",="4348A40560225155",="120452714BB33854",="4762A164B30505C",="189A6977BB7DAC8",="93C9ACA53CA074",="40000000000000",="1DFACA082B3E0D",="FA5704B6GH1DA",="82C4214HF6191",="47J478GE454J4",="299037B83FA61",="18I5D8A6KH32G",="IKJDFAMI08FC",="BK2N504BAN2G",="7DM941796L49",="4NFMHD4EGMMC",="36D9II8HIAL1",="24MQ36EMAD68",="1DNM1CQFS67M",="10F6NJ1TPIQ4",="LUAHLJCLC5G",="G0000000000",="BP4Q6S2FM5G",="8ONKT2P4OPU",="6IJPL3AUBST",="4XDKKFEK4XS",="3RMPBXWU9Ga",="2X1D2SHM54K",="28BZNaa4KAP",="1SSV6KHUQ9O",="1E123TQ66VP",="12CKA0cCIDM",="ZaAPcLgUQB",="T6EEQF26CG",="NaEK9QC1WJ",="JOQWeB8UgC",="G4Pb61VJaL",="DFDGg6YHbG",="B338GcLhaT",="9B8LPBPgdY",="7aUcFKPGYD",="6OoQVh8VbC",="5OI98j1Gc4",="4X8K69TGAS",="3o7Y7GV5gn",="3IEPpBoHH8",="2lc0U5XH31",="2OcheeoblM",="24eaSiwttm",="1lFB4ixRD4",="1Wx3njHdIf",="1KVNaRuvIG",="19bN21La91",="1000000000"
="2^55",="10000000000000000000000000000000000000000000000000000000",="20110222201101100122022100210120002",="2000000000000000000000000000",="300234331302243323321333",="1350430504504504135132",="31060622453661533312",="2000000000000000000",="213881340568323502",="36028797018963968",="869698101044A2AA",="2408A5229BA674A8",="91C572C9960A0BB",="3356D511991D7B2",="137A46A5A7A50E8",="80000000000000",="3AE4830G557B19",="1D2AE094DFG392",="G558429GBC2I2",="8FI8EHD88A9I8",="4II06F1G79KC2",="2HEB4GKDJC65A",="1EIG47LMD0H81",="NG5MA08MLM58",="F2JI82EIDH8I",="9L5J90937JIO",="6CQJA9H89LF2",="49HO6D1GKQCG",="2RIF2PO2RCFF",="210DH83TL7M8",="1CTL4C7PBOB1",="100000000000",="NH9JDN4VBAW",="HFD7O5G9FHQ",="D24G76LPNMN",="9UR54UT49VK",="7I8DNUSNIXZ",="5S2Q5IZ6A92",="4GNW8YX91LB",="3HHMD0ZLCJ8",="2S247IBCDM9",="24OeK1YOaR2",="1STL8Y0gI9M",="1ECST8U4COW",="12RSeJ7O3Jc",="d37JYMHFcO",="W94RC3FdPg",="QUQXaDKZQW",="M66GXRhcO9",="IMGh0N1ZTI",="FMAPUeoXHQ",="Cnn1BYHBMO",="AmaIHb2XN8",="9CGeCJ4WL2",="7jFDEX7BUh",="6aSpkNiYYG",="5cJ13B9Y62",="4nJTNNhHai",="49MDvUwqqb",="3YUM9TwsQ8",="34v7cTZHbL",="2f0lAtpqaW",="2JBk42h9I2",="2000000000"
="2^56",="100000000000000000000000000000000000000000000000000000000",="110221222102202201021121201121010011",="10000000000000000000000000000",="1101024213110042202143221",="3141301413413412314304",="62151545240653366624",="4000000000000000000",="427872681247647104",="72057594037927936",="162828520208995A9",="48158A457B912994",="153BB15C65C171A9",="66ADCA23543D184",="27058D5B605A1E1",="100000000000000",="74B8G61FAAF531",="3853A1099DE704",="1DAAG850E455H4",="HBGH9F6GH0JGG",="9GF0D93BEJK34",="5D709BJ5H2CAK",="36E98FKM31BG2",="1N8BKK0HLJKAG",="155EBG54C29HB",="JGBCI0I6FDBM",="CPQBKJ7GJG34",="8J7KCQ35DOP4",="5Q815MJ5PP21",="420R4G7TCFEG",="2PSB8OFJNHM2",="200000000000",="1E1J5RD9TMLV",="10UQFEAWIV1I",="Q48WED8GCAB",="JPIA9PM8JR4",="EaGRAOKA0UX",="BI5EAbWCKI4",="8X8PHURI33M",="6YZ4Q1V2OcG",="5F48EaMOR3I",="497ce3R7VC4",="3EFgHP1faJ1",="2SPDEHG8P5K",="25ACZcF36dV",="1W6EdMiYVV2",="1HI97O6VW4b",="15D5JOQfN5G",="iCCXI6cRmI",="aiXa0k3L8a",="UiL0AUoFZ1",="Plk2NGYMim",="LiJaZL5DkG",="IOXQOc9Ag4",="FZUQTBEN6V",="DH1lalXDCW",="BJc26MJBC4",="9ed0klSZFU",="8IiRu2wkkF",="790iIxvmqG",="69rFFx9ZDg",="5K1WLnfhB2",="4cNT85NIa4",="4000000000"
="2^57",="1000000000000000000000000000000000000000000000000000000000",="221220221212112102120020110012020022",="20000000000000000000000000000",="2202103431220134404341442",="10323003231231225033012",="154333423511640066551",="10000000000000000000",="856855472506405208",="144115188075855872",="315555A40416880A7",="942B588B3B625768",="2A7A92BBCBB31385",="CD7DB646A87C328",="4E0B2BB7C0B53D2",="200000000000000",="E960FC3E44DA62",="6GA7221119AE08",="3822DGA198ABF8",="1F3DEJADDE1JDC",="JC915I728IJ68",="B4E0J1GBC52LI",="6D5IH8IL63094",="3MGNHG1BJFGL8",="2AB3N7A8O4J9M",="1D6MPA1AD50NI",="POPNEBF6C568",="HAFCPO6ARLM8",="BNG2BG9BML42",="841O92FSP0T2",="5KPMHI08G4D4",="400000000000",="2S35BLQJQCAT",="21RIUSLV3S32",="1H8HTSQGWOKM",="13F0KJF8H3I8",="TZXHLC3K1OT",="MaASLbQP2a8",="HRHBZMFa675",="DTU9C3M59aW",="AU8GTW48D6a",="8IFZc7CFKO8",="6SVfZ73eTc2",="5D6QSYWH6Ae",="4AKPQVU6DYH",="3ICTWjhNHG4",="2YaIF1DGH9R",="2AQAd15YkAW",="1dOPHaDS6la",="1NdHM1g6gHM",="1Abg0LAnVJ2",="phe4kXGjbi",="hZdKHgARdW",="anCqnMILU8",="VG5r3MSkD7",="QY3dHdAQP8",="MdJ4CicMO8",="JNK1ZavCV2",="GbTtr5wYXU",="EI1SbxtbiW",="CJjUVvJ9RN",="Ae32hbLOM4",="9DkwGAkb98",="8000000000"
="2^58",="10000000000000000000000000000000000000000000000000000000000",="1220211220202001212010110220101110121",="100000000000000000000000000000",="4404212412440324314233434",="21050010502502454110024",="342000150323610166432",="20000000000000000000",="1824822055113811417",="288230376151711744",="630000980832651A3",="1685AB55A7B04B314",="582855AACA96273A",="1BD1D8C8D731A652",="9D175880917A7B4",="400000000000000",="1C1C1E77B89A3C4",="DF2E4422313A0G",="6G458E12IH24BG",="3A779J17783J74",="1I3I2BFE4HGHCG",="10961G3B12A5LE",="D3BEBHEJC60I8",="7L9NB82NF79IG",="4KM7LEKHN9DJJ",="30DJOK2L0A1LA",="1OMOK1N3COACG",="16L2PNKCLRFGG",="NI34N3INGD84",="G83II51RK1S4",="BAKE450H18Q8",="800000000000",="5N6ANAK6JOLP",="43L3RN9S7M64",="2YH0OMHXUE69",="26U152UGY70G",="1MYTZ5O733CL",="17YLJ5bFC5YG",="ZFYNW5VXCEA",="RJKIO74AJXO",="LJGXIN8GQDV",="GaVTYEOUf6G",="DEKeRE7cGX4",="AQD9DPKYCLa",="8Kf68IFCRNY",="6aPDJjf0YW8",="5MPaU2QWYJ7",="4L4LU2BLiLG",="3U01ZNR7DkN",="2lSYi3YDYYi",="2LOX0gLmBc4",="1pZS9fEXdNa",="1YIPeZVL2QB",="1JiPpiiah6G",="17WBp6j2bQE",="rC7MZMKqoG",="jLc8PWJimG",="cke3DFuP44",="XG0qlBwA81",="Sa2vFxpFT4",="OdU02rcIsk",="LI65PCgmi8",="IRUrWLUBIG",="G000000000"
="2^59",="100000000000000000000000000000000000000000000000000000000000",="10211200211111010201020221210202221012",="200000000000000000000000000000",="14313430330431204134022423",="42140021405405352220052",="1014000330650520366164",="40000000000000000000",="3750744121227722835",="576460752303423488",="11600018515651A396",="314B9AAB93A09A628",="B353AB88C85C5177",="39C3D3B3D0636CA4",="14B2EB2113306078",="800000000000000",="37373BEF6023778",="19C5A884462721E",="DD8AH925IF494D",="70EEJI2EEG7IE8",="3F7F52A79ECE4B",="20IC3A7024KBL6",="137060C6G1C1DG",="FIJMMG5N6EJD8",="9GJFI4GALJ2ED",="611DNE5G0K3GK",="3MIMD3J6PLKP5",="2DE5NJCPFR354",="1I769H78I3QG8",="12G776A3PA3Q8",="ML9S8A132HLG",="G00000000000",="BDCLDL7D6GAH",="8787LCJMFAC8",="5XY1EA0WPSCI",="4DO2A5OXWE0W",="38WMXBBE66P5",="2FV50BaUOBUW",="1VVU8PBOROSK",="1Ed0b8E8KdR8",="11cXPb5GXBRL",="XVLHQT7JeCW",="QSfcBSFXXN8",="L8QIR6fOOhS",="GfbCGaUPA2N",="DR4Qdja1NIG",="Aj4QD56ILcE",="8g8hC4MhegW",="7B03Ll5ERhk",="5j7Jc7IRJJc",="4gnF1XhjNP8",="3pJ4JUTFQlK",="3FapSI9g4qM",="2dYpnZZJWCW",="2F9NlDZ5JqS",="1oOEjEifniW",="1XhJGp7dWdW",="1JZM6QVso88",="17W1kZNvKG2",="vC5sVxgUw8",="nHy05kFbmV",="gaCAoPNZQG",="aszi1gyMaW",="W000000000"
="2^60",="1000000000000000000000000000000000000000000000000000000000000",="21200101122222021102111220121112212101",="1000000000000000000000000000000",="34132411211412413323100401",="124320043215215144440144",="2031000661631341065361",="100000000000000000000",="7611588242456545771",="1152921504606846976",="23100035A301A39781",="629B799B678179054",="196A78A44C3BBA321",="75A7C787C0C6DB68",="2975E7422660C101",="1000000000000000",="6E6E76CDC046EEG",="316B2GG88C4E43A",="187H2FI4BIB8I97",="E199JG599CFH8G",="79F9A4KEJ84791",="41F26KE049J1KC",="26E0C11D931349",="17DFLL8BMD5F2G",="J8E6B97LID541",="C231L2B61E77E",="7IAHQ7BDOGENA",="4R0BJAPN3Q6A8",="37ECJ5EH77O3G",="252EECK7KK7MG",="1EBJPGK2654C1",="1000000000000",="MQP9R9EQCWL1",="GEGF8P5AUKOG",="BWX2SK1UGLP1",="8RC4KBDVSS1S",="6HS8TMMSCDDA",="4VOA0NZNANNQ",="3OOLHBNAGAI1",="2Tc1YGSH1dEG",="23aQAXAXPNE1",="1PL0ZBGEdcPM",="1AEeXNDVOO3G",="gH8bADd55hC",="XcTOXSG5K51",="R897XjQ30aW",="Lh95QACahTS",="HaHcO8jdXbG",="EM06hjAT6ch",="BeEdQEb4cdQ",="9YlU3GadkoG",="7oc8d96V1ge",="6VKo3aJV9pi",="5PFnjHGdAPA",="4UIldRFAdo1",="3imTYTXRhX8",="3ATcXjFM8M7",="2dCiCr5pgGG",="2F53YBlteW4",="1sOBn3xP1uG",="1bZx0BVVEa1",="1NAOLcol8qW",="1AkyP3MvjA1",="10000000000"
="2^61",="10000000000000000000000000000000000000000000000000000000000000",="120100210022221112212000211020002201202",="2000000000000000000000000000000",="123320322423330332201201302",="253040130434434333320332",="4062001653563012164052",="200000000000000000000",="16323287485024202652",="2305843009213693952",="462000709603978452",="1057B377B1343360A8",="360824789B7AA7642",="10B71B131A1ADD8D2",="53EBDE844CC19202",="2000000000000000",="DBDBED8A708DCCF",="62D45FEGH69A872",="2GFF5CH94I3HHIE",="182IJJCAIJ5BEHC",="EJ9IK9K8HG8EI2",="8384DJ608JG3J2",="4D511233I6268I",="2F37JIGNL2B658",="1DH3CMIFIC1A82",="O463G4MC32EF2",="F9L8PEN0M62JK",="9Q0NALNI7OCKG",="6ESP9B05EFJ73",="4A4SSPAFBAFF2",="2SN8K294CA8O2",="2000000000000",="1CKHJLITJPW92",="WSWUHGALR7EW",="NUV5M53PX8F2",="HIO94MRRLK3K",="CZJHM88JOQQK",="9PAK19X8L99E",="7AA3YN7KWKa2",="5Ja3SXGY3cSW",="47WBLPLQA5S2",="3901SMWTbZ92",="2KTcO3RK656W",="1eYHUKRYABgO",="1MWE4MBWAeA2",="18GIFLj661RI",="hdIB5KPQeC9",="ZOZT0HhVJQW",="Si0DcfL9DSb",="NUTT2TO9RT2",="JIi96XMSgnW",="FnOHQIDA3XS",="D9fl7Jd9JoZ",="AoVjaYXOKoK",="95beNsULOj2",="7Xf3D3AtVAG",="6L2KAXUiGiE",="5KPUPmBjQWW",="4UA79NaqM58",="3mmNc7wo3qW",="3EAv0N21TB2",="2kKmhFdWHh2",="2LUvo6jqRK2",="20000000000"
="2^62",="100000000000000000000000000000000000000000000000000000000000000",="1010201120122220002201001122110012110111",="10000000000000000000000000000000",="302141200402211214402403104",="550120301313313111041104",="11154003640456024361134",="400000000000000000000",="33646586081048405414",="4611686018427387904",="9140013181078458A4",="20B3A733A268670194",="6C1349246A2881C84",="219038263637DD3C4",="A7E8CE189A933404",="4000000000000000",="1A6A6CA03E10A88D",="C588BDBFGD12GE4",="5ECBB6FI9H7GGI9",="2G5HJJ51HIB39F4",="18HJGJJJHEBH8F4",="G6G95GC0HHA7G4",="93A22467DC4CHD",="566FFD9NI4MCAG",="32970KC6BO2KG4",="1M8C769IO65344",="13JFHO2J1HC5CD",="JO1ILFJ8FKPD4",="D0SLIM0B029E6",="8K9RRKL0ML104",="5QFH94I8OKHH4",="4000000000000",="2P826A4Q6IVI4",="1VNVR0WL9KETU",="1CQRB9A7GVGU4",="Z1CI99JJ7474",="PY1Z7GH2CGG3",="JCL22JSH4IIS",="EKK7U7F2Q2X4",="AdW7HQXS7bHO",="8FNN2A2BKBF4",="6I03F3NHXSI4",="4fGY57BeCADL",="3bOZGfBOKNf4",="30JS8iNJLZK4",="2GWaUhiCC38a",="1eVaMAf46XOI",="1N1NA0ZdEd5G",="18d0RSXgIR8P",="lB9858mJ584",="cbbIDFj6YmD",="VkmZ0aQK7F4",="QJUfEdPIdmH",="Ll9bJFCmfke",="IBKPls5gnZ4",="FBQ6Q6Lt6KW",="Cg4eLA4VXVS",="Aep2pcNWr76",="91KEIlEjiAG",="7balGFve7j4",="6SLr0k42wM4",="5UfZOVH2ZO4",="4gzqbDSfse4",="40000000000"
