,="1/2",="1/3",="1/4",="1/5",="1/6",="1/7",="1/8",="1/9",="1/10",="1/11",="1/12",="1/13",="1/14",="1/15",="1/16",="1/17",="1/18",="1/19",="1/20",="1/21",="1/22",="1/23",="1/24",="1/25",="1/26",="1/27",="1/28",="1/29",="1/30",="1/31",="1/32",="1/33",="1/34",="1/35",="1/36",="1/37",="1/38",="1/39",="1/40",="1/41",="1/42",="1/43",="1/44",="1/45",="1/46",="1/47",="1/48",="1/49",="1/50",="1/51",="1/52",="1/53",="1/54",="1/55",="1/56",="1/57",="1/58",="1/59",="1/60",="1/61",="1/62",="1/63",="1/64"
="Base 2",="0.1",="0.0101010101010101010101010101010101010101010101010101",="0.01",="0.0011001100110011001100110011001100110011001100110011",="0.00101010101010101010101010101010101010101010101010101",="0.001001001001001001001001001001001001001001001001001",="0.001",="0.00011100011100011100011100011100011100011100011100011",="0.00011001100110011001100110011001100110011001100110011",="0.00010111010001011101000101110100010111010001011101",="0.0001010101010101010101010101010101010101010101010101",="0.0001001110110001001110110001001110110001001110110001",="0.0001001001001001001001001001001001001001001001001001",="0.0001000100010001000100010001000100010001000100010001",="0.0001",="0.00001111000011110000111100001111000011110000111100001",="0.00001110001110001110001110001110001110001110001110001",="0.0000110101111001010000110101111001010000110101111001",="0.00001100110011001100110011001100110011001100110011001",="0.00001100001100001100001100001100001100001100001100001",="0.000010111010001011101000101110100010111010001011101",="0.0000101100100001011001000010110010000101100100001011",="0.00001010101010101010101010101010101010101010101010101",="0.00001010001111010111000010100011110101110000101000111",="0.00001001110110001001110110001001110110001001110110001",="0.0000100101111011010000100101111011010000100101111011",="0.00001001001001001001001001001001001001001001001001001",="0.00001000110100111101110010110000100011010011110111001",="0.00001000100010001000100010001000100010001000100010001",="0.00001000010000100001000010000100001000010000100001",="0.00001",="0.00000111110000011111000001111100000111110000011111",="0.0000011110000111100001111000011110000111100001111",="0.000001110101000001110101000001110101000001110101",="0.00000111000111000111000111000111000111000111000111",="0.0000011011101011001111100100010100110000011011101011",="0.00000110101111001010000110101111001010000110101111001",="0.000001101001000001101001000001101001000001101001",="0.000001100110011001100110011001100110011001100110011",="0.00000110001111100111000001100011111001110000011000111",="0.0000011000011000011000011000011000011000011000011",="0.00000101111101000001011111010000010111110100000101111",="0.0000010111010001011101000101110100010111010001011101",="0.000001011011000001011011000001011011000001011011",="0.00000101100100001011001000010110010000101100100001011",="0.0000010101110010011000100000101011100100110001000001",="0.0000010101010101010101010101010101010101010101010101",="0.00000101001110010111100000101001110010111100000101001",="0.00000101000111101011100001010001111010111000010100011",="0.000001010000010100000101000001010000010100000101",="0.00000100111011000100111011000100111011000100111011",="0.0000010011010100100001110011111011001010110111100011",="0.00000100101111011010000100101111011010000100101111011",="0.000001001010011110010000010010100111100100000100101",="0.000001001001001001001001001001001001001001001001001",="0.00000100011111011100000100011111011100000100011111011",="0.000001000110100111101110010110000100011010011110111",="0.00000100010101101100011110010111110111010100100111",="0.00000100010001000100010001000100010001000100010001",="0.00000100001100100101110001010011111011110011011010001",="0.000001000010000100001000010000100001000010000100001",="0.000001000001000001000001000001000001000001000001",="0.000001"
="Base 3",="0.111111111111111111111111111111111",="0.1",="0.02020202020202020202020202020202",="0.01210121012101210121012101210121",="0.011111111111111111111111111111111",="0.01021201021201021201021201021201",="0.01010101010101010101010101010101",="0.01",="0.00220022002200220022002200220022",="0.002110021100211002110021100211002",="0.002020202020202020202020202020202",="0.002002002002002002002002002002002",="0.001221001221001221001221001221001",="0.001210121012101210121012101210121",="0.00120012001200120012001200120012",="0.00112021221102010011202122110201",="0.001111111111111111111111111111111",="0.00110210022112012200110210022112",="0.00110011001100110011001100110011",="0.001021201021201021201021201021201",="0.001020010200102001020010200102001",="0.001011200210010112002100101120021",="0.001010101010101010101010101010101",="0.001002011022122021120010020110221",="0.001001001001001001001001001001001",="0.001",="0.000222000222000222000222000222",="0.000221010201112220012120211100022",="0.000220022002200220022002200220022",="0.000212111221020222010111001202",="0.00021121000211210002112100021121",="0.0002110021100211002110021100211",="0.00021010222012120002101022201212",="0.000202211101000202211101000202211",="0.00020202020202020202020202020202",="0.000201200222021022000201200222021",="0.000201011222021211000201011222021",="0.0002002002002002002002002002002",="0.00020002000200020002000200020002",="0.00012221000122210001222100012221",="0.0001221001221001221001221001221",="0.00012122120200211121022210100102",="0.000121120100012112010001211201",="0.000121012101210121012101210121012",="0.000120211220001202112200012021122",="0.000120111210020220010110001201112",="0.000120012001200120012001200120012",="0.000112212200201211120222110010022",="0.000112120122211010210001121201222",="0.000112021221102010011202122110201",="0.000112000112000112000112000112",="0.00011120210101200211220221222111",="0.000111111111111111111111111111111",="0.000111020212120012220001110202121",="0.000111000111000111000111000111",="0.000110210022112012200110210022112",="0.000110120100202221121021220200011",="0.000110100121110210222002021210001",="0.000110011001100110011001100110011",="0.000102221200010222120001022212",="0.000102202110121222120020112101",="0.00010212010212010212010212010212",="0.00010210111220220001021011122022"
="Base 4",="0.2",="0.11111111111111111111111111",="0.1",="0.03030303030303030303030303",="0.02222222222222222222222222",="0.02102102102102102102102102",="0.02",="0.01301301301301301301301301",="0.01212121212121212121212121",="0.0113101131011310113101131",="0.01111111111111111111111111",="0.01032301032301032301032301",="0.01021021021021021021021021",="0.01010101010101010101010101",="0.01",="0.003300330033003300330033",="0.0032032032032032032032032",="0.00311321100311321100311321",="0.0030303030303030303030303",="0.003003003003003003003003",="0.00232202322023220232202322",="0.00230201121002302011210023",="0.00222222222222222222222222",="0.00220331130022033113002203",="0.0021312021312021312021312",="0.00211323100211323100211323",="0.0021021021021021021021021",="0.0020310331302300203103313",="0.0020202020202020202020202",="0.0020100201002010020100201",="0.002",="0.0013300133001330013300133",="0.0013201320132013201320132",="0.001311001311001311001311",="0.0013013013013013013013013",="0.00123223033210110300123223",="0.0012233022012233022012233",="0.001221001221001221001221",="0.00121212121212121212121212",="0.00120332130012033213001203",="0.0012012012012012012012012",="0.00113310011331001133100113",="0.00113101131011310113101131",="0.001123001123001123001123",="0.00112100230201121002302011",="0.00111302120200223210301001",="0.00111111111111111111111111",="0.0011032113200221302330011",="0.00110132232011013223201101",="0.001100110011001100110011",="0.0010323010323010323010323",="0.00103110201303323022313203",="0.00102331220102331220102331",="0.00102213210010221321001022",="0.00102102102102102102102102",="0.00101331300101331300101331",="0.00101221323211201012213232",="0.0010111230132113313110213",="0.0010101010101010101010101",="0.0010030211301103323303122",="0.00100201002010020100201002",="0.001001001001001001001001",="0.001"
="Base 5",="0.2222222222222222222222",="0.1313131313131313131313",="0.1111111111111111111111",="0.1",="0.0404040404040404040404",="0.0324120324120324120324",="0.0303030303030303030303",="0.0234210234210234210234",="0.0222222222222222222222",="0.0211402114021140211402",="0.0202020202020202020202",="0.0143014301430143014301",="0.0134310134310134310134",="0.0131313131313131313131",="0.0124012401240124012401",="0.0121340243231042012134",="0.0114330114330114330114",="0.0112421410112421410112",="0.0111111111111111111111",="0.0104340104340104340104",="0.0103201032010320103201",="0.0102041332143424031123",="0.0101010101010101010101",="0.01",="0.00440044004400440044",="0.0043033224401411220043",="0.0042130042130042130042",="0.0041233440321100412334",="0.004040404040404040404",="0.004004004004004004004",="0.0034231200342312003423",="0.00334322030033432203",="0.0033142344113021003314",="0.0032412032412032412032",="0.0032140032140032140032",="0.0031421220401133424413",="0.0031210430031210430031",="0.00310031003100310031",="0.003030303030303030303",="0.00301102204414334224",="0.0024420024420024420024",="0.0024231412234340431114",="0.00241002410024100241",="0.0023421023421023421023",="0.0023243141044212013034",="0.0023122104111424140101",="0.00230023002300230023",="0.0022334143213314042434",="0.0022222222222222222222",="0.0022111412410144002211",="0.00220022002200220022",="0.0021344012014204110312",="0.0021241334423203110021",="0.002114021140211402114",="0.0021040021040021040021",="0.002044030133412212002",="0.0020341442410300203414",="0.0020244034013214130111",="0.002020202020202020202",="0.0020110332101304424334",="0.002002002002002002002",="0.0014430014430014430014",="0.0014340322421131001434"
="Base 6",="0.3",="0.2",="0.13",="0.11111111111111111111",="0.1",="0.05050505050505050505",="0.043",="0.04",="0.03333333333333333333",="0.03134524210313452421",="0.03",="0.02434053121502434053",="0.02323232323232323232",="0.02222222222222222222",="0.0213",="0.02041224535143310204",="0.02",="0.01521132501521132501",="0.01444444444444444444",="0.01414141414141414141",="0.0134524210313452421",="0.01322030441013220304",="0.013",="0.01235012350123501235",="0.01215024340531215024",="0.012",="0.01141414141414141414",="0.0112404544315101124",="0.01111111111111111111",="0.01054501054501054501",="0.01043",="0.01031345242103134524",="0.01020412245351433102",="0.01010101010101010101",="0.01",="0.00550055005500550055",="0.0054034423054034423",="0.00531215024340531215",="0.00522222222222222222",="0.00513354124403302344",="0.0050505050505050505",="0.005005005005005005",="0.00452421031345242103",="0.00444444444444444444",="0.00441013220304410132",="0.0043324030214420131",="0.0043",="0.00422405513315004224",="0.00415304153041530415",="0.00412245351433102041",="0.00405312150243405312",="0.00402414511245515314",="0.004",="0.00353214250035321425",="0.00350505050505050505",="0.0034423054034423054",="0.0034202252135330342",="0.00335444022351041343",="0.00333333333333333333",="0.00331250404415445301",="0.0032523032523032523",="0.00323232323232323232",="0.003213"
="Base 7",="0.333333333333333333",="0.222222222222222222",="0.151515151515151515",="0.125412541254125412",="0.111111111111111111",="0.1",="0.060606060606060606",="0.053053053053053053",="0.046204620462046204",="0.043116235504311623",="0.040404040404040404",="0.035245631421035245",="0.033333333333333333",="0.031603160316031603",="0.030303030303030303",="0.026114346405523202",="0.025025025025025025",="0.024024024024024024",="0.023102310231023102",="0.022222222222222222",="0.021406452602140645",="0.020625113436460415",="0.020202020202020202",="0.016501650165016501",="0.016122650544016122",="0.015463241015463241",="0.015151515151515151",="0.014553601455360145",="0.014301430143014301",="0.014031062154342014",="0.013501350135013501",="0.013252056401325205",="0.013042156536245101",="0.012541254125412541",="0.012346012346012346",="0.012161463012161463",="0.012012012012012012",="0.011536432605011536",="0.011401140114011401",="0.011236326213520225",="0.011111111111111111",="0.010656010656010656",="0.010536561301053656",="0.010423264552010423",="0.010312405216563542",="0.01020411224523503",="0.010101010101010101",="0.006600066000666006",="0.0066006600660066",="0.0065035621241533",="0.006411323622006411",="0.006320535545166034",="0.006231454006231454",="0.006144033642201532",="0.00606060606060606",="0.006006006006006006",="0.005625300562530056",="0.005546023304103215",="0.0055005500550055",="0.005423446353362115",="0.005350364425521005",="0.005305305305305305",="0.0052341600523416"
="Base 8",="0.4",="0.25252525252525252",="0.2",="0.14631463146314631",="0.12525252525252525",="0.11111111111111111",="0.1",="0.0707070707070707",="0.06314631463146314",="0.05642721350564272",="0.05252525252525252",="0.0473047304730473",="0.04444444444444444",="0.0421042104210421",="0.04",="0.0360741703607417",="0.03434343434343434",="0.03274503274503274",="0.03146314631463146",="0.0303030303030303",="0.02721350564272135",="0.02620544131026205",="0.02525252525252525",="0.02436560507534121",="0.02354235423542354",="0.02275502275502275",="0.02222222222222222",="0.02151734541064756",="0.02104210421042104",="0.02041020410204102",="0.02",="0.01740760370174076",="0.01703607417036074",="0.0165016501650165",="0.01616161616161616",="0.01565476212301565",="0.01536241536241536",="0.0151015101510151",="0.01463146314631463",="0.01437160307634061",="0.01414141414141414",="0.01372027640575013",="0.01350564272135056",="0.0133013301330133",="0.01310262054413102",="0.0127114202562304",="0.01252525252525252",="0.01234570123457012",="0.0121727024365605",="0.0120240501202405",="0.01166116611661166",="0.01152207175453361",="0.01136641136641136",="0.01123620224744045",="0.01111111111111111",="0.01076701076701076",="0.01064756260432367",="0.01053307457565116",="0.01042104210421042",="0.01031134247674664",="0.01020410204102041",="0.0101010101010101",="0.01"
="Base 9",="0.4444444444444444",="0.3",="0.2222222222222222",="0.1717171717171717",="0.1444444444444444",="0.1251251251251251",="0.1111111111111111",="0.1",="0.0808080808080808",="0.073240732407324",="0.0666666666666666",="0.062062062062062",="0.057057057057057",="0.0535353535353535",="0.0505050505050505",="0.0467842104678421",="0.0444444444444444",="0.0423275180423275",="0.0404040404040404",="0.0376376376376376",="0.036120361203612",="0.0346231150703462",="0.0333333333333333",="0.0321385675032138",="0.031031031031031",="0.03",="0.028028028028028",="0.0271214861767402",="0.0262626262626262",="0.025457228114052",="0.0247024702470247",="0.0240732407324073",="0.0233865502338655",="0.0227410227410227",="0.0222222222222222",="0.0216282380216282",="0.0211582540211582",="0.0206206206206206",="0.0202020202020202",="0.0187018701870187",="0.0183183183183183",="0.0178520747283312",="0.017510175101751",="0.0171717171717171",="0.0167560524801675",="0.0164532261130514",="0.0161616161616161",="0.0157806545284032",="0.0155187337015518",="0.0152573631525736",="0.015015015015015",="0.0146711624827874",="0.0144444444444444",="0.0142255058014225",="0.014014014014014",="0.0137084656137084",="0.0135106875378201",="0.013317423862253",="0.0131313131313131",="0.012850128501285",="0.012673558506471",="0.0125125125125125",="0.0123456801234568"
="Base 10",="0.5",="0.333333333333333",="0.25",="0.2",="0.166666666666666",="0.142857142857142",="0.125",="0.111111111111111",="0.1",="0.09090909090909",="0.083333333333333",="0.076923076923076",="0.071428571428571",="0.066666666666666",="0.0625",="0.058823529411764",="0.055555555555555",="0.052631578947368",="0.05",="0.047619047619047",="0.045454545454545",="0.043478260869565",="0.041666666666666",="0.04",="0.038461538461538",="0.037037037037037",="0.035714285714285",="0.034482758620689",="0.033333333333333",="0.032258064516129",="0.03125",="0.03030303030303",="0.029411764705882",="0.028571428571428",="0.027777777777777",="0.027027027027027",="0.026315789473684",="0.025641025641025",="0.025",="0.024390243902439",="0.023809523809523",="0.023255813953488",="0.022727272727272",="0.022222222222222",="0.021739130434782",="0.02127659574468",="0.020833333333333",="0.020408163265306",="0.02",="0.019607843137254",="0.019230769230769",="0.018867924528301",="0.018518518518518",="0.018181818181818",="0.017857142857142",="0.017543859649122",="0.017241379310344",="0.016949152542372",="0.016666666666666",="0.01639344262295",="0.016129032258064",="0.015873015873015",="0.015625"
="Base 11",="0.555555555555555",="0.373737373737373",="0.282828282828282",="0.222222222222222",="0.191919191919191",="0.163163163163163",="0.141414141414141",="0.124986124986124",="0.111111111111111",="0.1",="0.0A0A0A0A0A0A0A",="0.093425A17685093",="0.087087087087087",="0.08080808080808",="0.076207620762076",="0.07132651A397845",="0.067A43067A43067",="0.064064064064064",="0.06060606060606",="0.058421058421058",="0.055555555555555",="0.05296243390A581",="0.05050505050505",="0.049270492704927",="0.047212A63898047",="0.045329408A65781",="0.043599043599043",="0.04199534608387A",="0.04040404040404",="0.039A32146818574",="0.038659310386593",="0.037373737373737",="0.03616880A749422",="0.035035035035035",="0.033A77033A77033",="0.032A78032A78032",="0.032032032032032",="0.031145706229031",="0.03030303030303",="0.02A510894324619",="0.029766029766029",="0.028A541028A541",="0.028282828282828",="0.02763A02763A027",="0.026A3121745A84",="0.026356872899144",="0.025802580258025",="0.0251883404A3656",="0.024690246902469",="0.0241095434A6289",="0.0236615319A4023",="0.0231277520914A8",="0.022714759A88396",="0.022222222222222",="0.02184A02184A021",="0.021395021395021",="0.020A4817859743A",="0.0206175041133A",="0.02020202020202",="0.01A901A901A901A",="0.01A516623409837",="0.01A14401A14401A",="0.0198847057432A1"
="Base 12",="0.6",="0.4",="0.3",="0.24972497249724",="0.2",="0.186A35186A3518",="0.16",="0.14",="0.12497249724972",="0.11111111111111",="0.1",="0.0B0B0B0B0B0B0B",="0.0A35186A35186A",="0.09724972497249",="0.09",="0.08579214B36429",="0.08",="0.076B45076B4507",="0.07249724972497",="0.06A35186A35186",="0.06666666666666",="0.06316948421063",="0.06",="0.05915343A0B62A",="0.05656565656565",="0.054",="0.05186A35186A35",="0.04B704B704B704",="0.04972497249724",="0.0478AA09359816",="0.046",="0.04444444444444",="0.0429A708579214",="0.0414559B393104",="0.04",="0.03A85232B03A85",="0.03958263958263",="0.03838383838383",="0.03724972497249",="0.036190A6532773",="0.035186A35186A3",="0.0342295A3AA73",="0.03333333333333",="0.03249724972497",="0.03169484210631",="0.0309236A882061",="0.03",="0.02B322547A05A6",="0.02A68781B05915",="0.029A708579214B",="0.02929292929292",="0.02872B3A232055",="0.028",="0.02750275027502",="0.026A35186A3518",="0.02639582639582",="0.02596259625962",="0.025355A9433073",="0.02497249724972",="0.0243B2683192B4",="0.023A550478AA09",="0.0235186A35186A",="0.023"
="Base 13",="0.66666666666666",="0.44444444444444",="0.33333333333333",="0.27A527A527A527",="0.22222222222222",="0.1B1B1B1B1B1B1B",="0.18181818181818",="0.15A15A15A15A15",="0.13B913B913B913",="0.12495BA8371249",="0.11111111111111",="0.1",="0.0C0C0C0C0C0C0C",="0.0B360B360B360B",="0.0A740A740A740A",="0.09C309C309C309",="0.09509509509509",="0.08B82976AC414A",="0.085B085B085B08",="0.08080808080808",="0.078B2C541A078B",="0.0746A235119074",="0.07070707070707",="0.069B5948ABC631",="0.06666666666666",="0.0634A791C0634A",="0.06060606060606",="0.05A9B28C7231A4",="0.05830583058305",="0.055B42692C2134",="0.05386BA205386B",="0.051763C29B0517",="0.04C804C804C804",="0.04AA04AA04AA04",="0.04904904904904",="0.0474BC3B321536",="0.045A7B39BC8725",="0.04444444444444",="0.042C042C042C04",="0.04177C08322B13",="0.04040404040404",="0.03C1294AB646C5",="0.03AC16287503AC",="0.039A8C56481203",="0.0389B78270B038",="0.03798B0AA30726",="0.036A036A036A03",="0.035AB53C972179",="0.034C2B2455C98",="0.03410341034103",="0.03333333333333",="0.0325B6B38AA3C",="0.0318BA4760318B",="0.030C3A21868061",="0.03030303030303",="0.02C70BB2385917",="0.02BB57ACA11752",="0.02B31142567C17",="0.02A802A802A802",="0.02A02A02A02A02",="0.0295879B161082",="0.028B47028B4702",="0.028435B7691A9C"
="Base 14",="0.7",="0.4949494949494",="0.37",="0.2B2B2B2B2B2B2",="0.2494949494949",="0.2",="0.1A7",="0.17AC6317AC631",="0.1585858585858",="0.13B6513B6513B",="0.1249494949494",="0.1111111111111",="0.1",="0.0D0D0D0D0D0D",="0.0C37",="0.0B75A9C4D2683",="0.0AC6317AC6317",="0.0A45C7522D398",="0.09B2B2B2B2B2B",="0.0949494949494",="0.08CA278CA278C",="0.0874391B7CAD5",="0.0824949494949",="0.07BA8D623507B",="0.0777777777777",="0.0738B59BCD6A5",="0.07",="0.06A89925B163C",="0.0676767676767",="0.0647323881B4",="0.061A7",="0.05D219A86B05D",="0.05A9C4D268341",="0.0585858585858",="0.056317AC6317A",="0.05423AD89BA3",="0.0522D398168BB",="0.050505050505",="0.04C8585858585",="0.04ACD93104ACD",="0.0494949494949",="0.047B576BA1433",="0.046513B6513B6",="0.044D99044D99",="0.04391B7CAD569",="0.042550C721297",="0.0412494949494",="0.03DD000DD000D",="0.03CC46A11973C",="0.03BB37D6456C1",="0.03AAAAAAAAAAA",="0.039AB8A075793",="0.038B59BCD6A52",="0.037C689241037",="0.037",="0.0361D71A0DA7C",="0.03544B82C7A1D",="0.03471937B8ACB",="0.033A3A3A3A3A3",="0.032DAB032DAB",="0.0323881B40C9",="0.0317AC6317AC6",="0.030C37"
="Base 15",="0.7777777777777",="0.5",="0.3B3B3B3B3B3B3",="0.3",="0.2777777777777",="0.2222222222222",="0.1D1D1D1D1D1D1",="0.1A",="0.1777777777777",="0.156C4156C4156",="0.13B3B3B3B3B3B",="0.124936DCA5B81",="0.1111111111111",="0.1",="0.0E0E0E0E0E0E",="0.0D37E1B70D37E",="0.0C77777777777",="0.0BC9718A3E325",="0.0B3B3B3B3B3B3",="0.0AAAAAAAAAAAA",="0.0A3620A3620A3",="0.09BB1487291E5",="0.0959595959595",="0.09",="0.089C1AE652D4",="0.085",="0.080808080808",="0.07B5A528BD6AC",="0.0777777777777",="0.073D0E7B1E073",="0.070707070707",="0.06C4156C4156C",="0.0693E85B0693E",="0.0666666666666",="0.063B3B3B3B3B3",="0.061339AE2C87A",="0.05DC38451E912",="0.05B8124936DCA",="0.0595959595959",="0.0574B51C68BA9",="0.0555555555555",="0.05374D3C858AC",="0.051A87C931051",="0.05",="0.04D582438C0EA",="0.04BC1DACB7518",="0.04A4A4A4A4A4A",="0.048D26B048D26",="0.0477777777777",="0.04629A8C54629",="0.044D857328E2",="0.043A2C6BD47DD",="0.0427777777777",="0.04156C4156C41",="0.040404040404",="0.03E3257D64B0B",="0.03D2CA145E356",="0.03C30B69244C6",="0.03B3B3B3B3B3B",="0.03A4DB856232E",="0.03967EB587039",="0.0388888888888",="0.037B037B037B"
="Base 16",="0.8",="0.5555555555555",="0.4",="0.3333333333333",="0.2AAAAAAAAAAAA",="0.2492492492492",="0.2",="0.1C71C71C71C71",="0.1999999999999",="0.1745D1745D174",="0.1555555555555",="0.13B13B13B13B1",="0.1249249249249",="0.1111111111111",="0.1",="0.0F0F0F0F0F0F",="0.0E38E38E38E38",="0.0D79435E50D79",="0.0CCCCCCCCCCCC",="0.0C30C30C30C3",="0.0BA2E8BA2E8BA",="0.0B21642C8590B",="0.0AAAAAAAAAAAA",="0.0A3D70A3D70A3",="0.09D89D89D89D8",="0.097B425ED097B",="0.0924924924924",="0.08D3DCB08D3DC",="0.0888888888888",="0.0842108421084",="0.08",="0.07C1F07C1F07C",="0.0787878787878",="0.075075075075",="0.071C71C71C71C",="0.06EB3E45306EB",="0.06BCA1AF286BC",="0.069069069069",="0.0666666666666",="0.063E7063E7063",="0.0618618618618",="0.05F417D05F417",="0.05D1745D1745D",="0.05B05B05B05B",="0.0590B21642C85",="0.0572620AE4C41",="0.0555555555555",="0.05397829CBC14",="0.051EB851EB851",="0.050505050505",="0.04EC4EC4EC4EC",="0.04D4873ECADE3",="0.04BDA12F684BD",="0.04A7904A7904A",="0.0492492492492",="0.047DC11F7047D",="0.0469EE58469EE",="0.0456C797DD49C",="0.0444444444444",="0.04325C53EF368",="0.0421084210842",="0.041041041041",="0.04"
="Base 17",="0.888888888888",="0.5B5B5B5B5B5B",="0.444444444444",="0.36DA36DA36DA",="0.2E2E2E2E2E2E",="0.274E9C274E9C",="0.222222222222",="0.1F1F1F1F1F1F",="0.1BF51BF51BF5",="0.194ADF7C6319",="0.171717171717",="0.153FBD153FBD",="0.13AFD613AFD6",="0.124912491249",="0.111111111111",="0.1",="0.0G0G0G0G0G0G",="0.0F39E56480F3",="0.0E7B0E7B0E7B",="0.0DCG340DCG34",="0.0D256G3EBA0D",="0.0C9A5F8ED52G",="0.0C0C0C0C0C0C",="0.0B98E4CFAEG5",="0.0B1G5F0B1G5F",="0.0ABG650ABG65",="0.0A57F30A57F3",="0.09G709G709G7",="0.09AD09AD09AD",="0.09583E469EDC",="0.090909090909",="0.08CEFG842108",="0.088888888888",="0.084655E17D1G",="0.080808080808",="0.07DD58C6F2CE",="0.07A4FB32407A",="0.076G9A076G9A",="0.073E073E073E",="0.070E1B356AD4",="0.06EGA206EGA2",="0.06C45FDE3G39",="0.069B381FE506",="0.067306730673",="0.064DB7CFF29G",="0.06290C5117A2",="0.060606060606",="0.05F48B7ACE3D",="0.05D47267DFGB",="0.05B5B5B5B5B5",="0.05982G05982G",="0.057BECE1FC33",="0.055GBB055GBB",="0.054599F280A8",="0.052C7A052C7A",="0.05134D2185G6",="0.04GC04GC04GC",="0.04F4A65CG737",="0.04DF04DF04DF",="0.04C935E8623F",="0.04B41FABD76E",="0.049GC7049GC7",="0.048D048D048D"
="Base 18",="0.9",="0.6",="0.49",="0.3AE73AE73AE7",="0.3",="0.2A52A52A52A5",="0.249",="0.2",="0.1E73AE73AE73",="0.1B834G69ED1B",="0.19",="0.16GB16GB16GB",="0.152A52A52A52",="0.13AE73AE73AE",="0.1249",="0.111111111111",="0.1",="0.0H0H0H0H0H0H",="0.0G3AE73AE73A",="0.0F7CF7CF7CF7",="0.0ED1B834G69E",="0.0E1A3264C97",="0.0D9",="0.0CH50CH50CH5",="0.0C859C859C85",="0.0C",="0.0BA52A52A52A",="0.0B31F95A9GDB",="0.0AE73AE73AE7",="0.0A825E95412G",="0.0A249",="0.09ED1B834G69",="0.099999999999",="0.094B5BEG8421",="0.09",="0.08DB37565F18",="0.089898989898",="0.0859C859C859",="0.081E73AE73AE",="0.07G4707G4707",="0.07CF7CF7CF7C",="0.079B57H2GD72",="0.0769ED1B834G",="0.073AE73AE73A",="0.070E1A3264C9",="0.06G19A625693",="0.06D9",="0.06B06B06B06B",="0.068B968B968B",="0.066666666666",="0.0642DF42DF42",="0.0620C41682CG",="0.06",="0.05G0BE15A2B2",="0.05E2A52A52A5",="0.05C5C5C5C5C5",="0.05A9GDBE4H6E",="0.058F4A6CEBAC",="0.0573AE73AE73",="0.055AG97H76E2",="0.05412G4BB0A8",="0.052A52A52A52",="0.051249"
="Base 19",="0.999999999999",="0.666666666666",="0.4E4E4E4E4E4E",="0.3F3F3F3F3F3F",="0.333333333333",="0.2DAG582DAG58",="0.272727272727",="0.222222222222",="0.1H1H1H1H1H1H",="0.1DFA6H538C1D",="0.1B1B1B1B1B1B",="0.18EBD2HA475G",="0.16EHC416EHC4",="0.151515151515",="0.13AD13AD13AD",="0.1248HGEA1248",="0.111111111111",="0.1",="0.0I0I0I0I0I0I",="0.0H3BE90H3BE9",="0.0G7ECI2B460G",="0.0FD4291C784I",="0.0F0F0F0F0F0F",="0.0E86FI4AC30E",="0.0DGF6AI523C8",="0.0D70D70D70D7",="0.0CGI620CGI62",="0.0C89FDE7G73H",="0.0C0C0C0C0C0C",="0.0BC4H31459F6",="0.0B56A1EG0B56",="0.0AHG25E7940A",="0.0ABDI8750ABD",="0.0A5I8D0A5I8D",="0.0A0A0A0A0A0A",="0.09E73B5C631A",="0.099999999999",="0.094GADC37F1I",="0.090909090909",="0.08F5AC9DH2EF",="0.08B5GE08B5GE",="0.0879DD4G6BHC",="0.083GFIAF2308",="0.080808080808",="0.07G214A63DBI",="0.07CHEI3C281B",="0.079H079H079H",="0.076IBC076IBC",="0.07437IBEFB07",="0.07195I4G0719",="0.06HH3592AB64",="0.06F7GG29CH3H",="0.06D06D06D06D",="0.06AD8IC85A06",="0.068931068931",="0.066666666666",="0.0644H6GD83B8",="0.0624FEF8D3G8",="0.060606060606",="0.05H87EI14CEC",="0.05FBI1A22E7C",="0.05DGB305DGB3",="0.05C350GH9F2C"
="Base 20",="0.A",="0.6D6D6D6D6D6D",="0.5",="0.4",="0.36D6D6D6D6D6",="0.2H2H2H2H2H2H",="0.2A",="0.248HFB248HFB",="0.2",="0.1G7591G7591G",="0.1D6D6D6D6D6D",="0.1AF7DGI94C63",="0.18B8B8B8B8B8",="0.16D6D6D6D6D6",="0.15",="0.13ABF5HCIG98",="0.1248HFB248HF",="0.111111111111",="0.1",="0.0J0J0J0J0J0J",="0.0I3CEAI3CEAI",="0.0H7GA8DI546J",="0.0GD6D6D6D6D6",="0.0G",="0.0F7DGI94C631",="0.0EG5IA782J53",="0.0E5E5E5E5E5E",="0.0DFH4GB0DFH4",="0.0D6D6D6D6D6D",="0.0CI15G2BC534",="0.0CA",="0.0C289DIFF30C",="0.0BF5HCIG984E",="0.0B8B8B8B8B8B",="0.0B248HFB248H",="0.0AG469EBHGF2",="0.0AAAAAAAAAAA",="0.0A52B5CG8421",="0.0A",="0.09F28FC3I0JA",="0.09A9A9A9A9A9",="0.0960IC1H43E8",="0.091G7591G759",="0.08HFB248HFB2",="0.08DI546J2C39",="0.08A4522B15AC",="0.086D6D6D6D6D",="0.0835628JBGED",="0.08",="0.07GH51J4659G",="0.07DGI94C631A",="0.07AIH737I9G4",="0.0782J53E19CB",="0.07591G7591G7",="0.072H2H2H2H2H",="0.070707070707",="0.06HIC85A6HIC",="0.06FBH5F51DHJ",="0.06D6D6D6D6D6",="0.06B2J06B2J06",="0.0690CI15G2BC",="0.066JDD066JDD",="0.065"
="Base 21",="0.AAAAAAAAAAAA",="0.7",="0.555555555555",="0.444444444444",="0.3AAAAAAAAAAA",="0.3",="0.2D2D2D2D2D2D",="0.27",="0.222222222222",="0.1J1J1J1J1J1J",="0.1FFFFFFFFFFF",="0.1CJ81CJ81CJ8",="0.1AAAAAAAAAAA",="0.188888888888",="0.16BH16BH16BH",="0.14JG14JG14JG",="0.13AAAAAAAAAA",="0.1248HE7F9JIG",="0.111111111111",="0.1",="0.0K0K0K0K0K0K",="0.0J3DECG92FAK",="0.0I7I7I7I7I7I",="0.0HD950HD950H",="0.0GK40GK40GK4",="0.0G7",="0.0FFFFFFFFFFF",="0.0F475198EA2I",="0.0EEEEEEEEEEE",="0.0E4FC4179A38",="0.0DG8B35J0DG8",="0.0D7D7D7D7D7D",="0.0CK80CK80CK8",="0.0CCCCCCCCCCC",="0.0C5555555555",="0.0BJ6525E3K91",="0.0BCEJ73I4K98",="0.0B69EB69EB69",="0.0B0B0B0B0B0B",="0.0AFI94CGIJKA",="0.0AAAAAAAAAAA",="0.0A57H1K0A57H",="0.0A0A0A0A0A0A",="0.09GGGGGGGGGG",="0.09C6HGIF17FK",="0.0980IG1GB3C1",="0.093JE93JE93J",="0.09KK0K0KK0K",="0.08H4D08H4D08",="0.08DC78DC78DC",="0.08A208A208A2",="0.086F9AEDI4FH",="0.083AAAAAAAAA",="0.080808080808",="0.07I7I7I7I7I7",="0.07F9JIGC36D5",="0.07CE2B4EHFBJ",="0.079K6118II34",="0.077777777777",="0.074H49KDG3GB",="0.0727GCB3F51E",="0.07",="0.06IEG1D9AH84"
="Base 22",="0.B",="0.77777777777",="0.5B",="0.48HD48HD48H",="0.3EEEEEEEEEE",="0.33333333333",="0.2GB",="0.29H29H29H29",="0.248HD48HD48",="0.2",="0.1I777777777",="0.1F51F51F51F",="0.1CCCCCCCCCC",="0.1A5J1A5J1A5",="0.185B",="0.16A7GI2CKFB",="0.14JC4JC4JC4",="0.13A95H826KI",="0.1248HD48HD4",="0.11111111111",="0.1",="0.0L0L0L0L0L",="0.0K3EEEEEEEE",="0.0J7K563B9EL",="0.0IDBIDBIDBI",="0.0HK835FAD0H",="0.0H666666666",="0.0GF3H9IL56I",="0.0G2KBG2KBG2",="0.0FDAE45EJJ3",="0.0F2GB",="0.0EEEEEEEEEE",="0.0E53J916A7G",="0.0DI50DI50DI",="0.0D9H29H29H2",="0.0D1H57G143C",="0.0CG4DJF13A9",="0.0C90C90C90C",="0.0C248HD48HD",="0.0BHFC7B5JIH",="0.0BBBBBBBBBB",="0.0B5DHJKLAG8",="0.0B",="0.0AGDF3967I1",="0.0ABABABABAB",="0.0A6C3G897L1",="0.0A1I7777777",="0.09J6G3D09J6",="0.09EL2E1GFIA",="0.09AH5D846JI",="0.096GK6GK6GK",="0.092JK7A86E2",="0.08L41DIG6B8",="0.08HD48HD48H",="0.08E33333333",="0.08AHGD2F9E6",="0.087CJFKADE9",="0.084A9F67A1A",="0.081A5J1A5J1",="0.07KC5GKK474",="0.07HG722I9KC",="0.07F07F07F07",="0.07C85B"
="Base 23",="0.BBBBBBBBBBB",="0.7F7F7F7F7F7",="0.5H5H5H5H5H5",="0.4DI94DI94DI",="0.3J3J3J3J3J3",="0.36D36D36D36",="0.2K2K2K2K2K2",="0.2CHKA52CHKA",="0.26KG26KG26K",="0.22222222222",="0.1L1L1L1L1L1",="0.1HFL571HFL5",="0.1EI1EI1EI1E",="0.1C631C631C6",="0.1A1A1A1A1A1",="0.182G59AILEK",="0.168LGE168LG",="0.14J8AKD7614",="0.13A813A813A",="0.1248HC1248H",="0.11111111111",="0.1",="0.0M0M0M0M0M",="0.0L3FEGCK5BM",="0.0K7M2F0K7M2",="0.0JDEB1G45M3",="0.0IKC790IKC7",="0.0I5CFJJ0I5C",="0.0HED0HED0HE",="0.0H1B2M5LBK",="0.0GC50GC50GC",="0.0G0G0G0G0G",="0.0FCJE4GKM7A",="0.0F2EABJ1755",="0.0EFM870EFM8",="0.0E6J64M8G3G",="0.0DL45A6F30D",="0.0DCM9A0DCM9",="0.0D540D540D5",="0.0CKH8MA25E",="0.0CDFK60CDFK",="0.0C6LL9234IG",="0.0C0C0C0C0C",="0.0BH8FJ9G842",="0.0BBBBBBBBBB",="0.0B5K1AHE496",="0.0B0B0B0B0B",="0.0AI70LDE1K4",="0.0AD7IJHLE5M",="0.0A8D1IB674M",="0.0A3MCJ0A3MC",="0.09MD09MD09M",="0.09I75C822MD",="0.09E509E509E",="0.09A63G09A63",="0.096AB6JHH81",="0.092HJ9L092H",="0.08M51CJK65A",="0.08II08II08I",="0.08FACIJDLJM",="0.08C5CMEAHA",="0.0892L40892L",="0.0862BJHE086"
="Base 24",="0.C",="0.8",="0.6",="0.4J4J4J4J4J4",="0.4",="0.3A6KDH3A6KD",="0.3",="0.2G",="0.29E9E9E9E9E",="0.248HALJF6D2",="0.2",="0.1K795CM3GEI",="0.1H3A6KDH3A6",="0.1E9E9E9E9E9",="0.1C",="0.19L45FCGME2",="0.18",="0.167DLB8K516",="0.14J4J4J4J4J",="0.13A6KDH3A6K",="0.1248HALJF6D",="0.11111111111",="0.1",="0.0N0N0N0N0N",="0.0M3GEIB1K79",="0.0L8",="0.0KDH3A6KDH3",="0.0JKGD5J0JKG",="0.0J4J4J4J4J4",="0.0IDMAK327HJ",="0.0I",="0.0HALJF6D248",="0.0GME2JI8B71",="0.0GAN7D0GAN7",="0.0G",="0.0FDEM1735K2",="0.0F3IMHGA2CF",="0.0EIB1K795CM",="0.0E9E9E9E9E9",="0.0E14284G98I",="0.0DH3A6KDH3A",="0.0D9BH76388M",="0.0D248HALJF6",="0.0CJ4J4J4J4J",="0.0CCCCCCCCCC",="0.0C631CI94E7",="0.0C",="0.0BI2MCHF49J",="0.0BCBCBCBCBC",="0.0B719L45FCG",="0.0B1K795CM3G",="0.0AKJM4CG75L",="0.0AG",="0.0AB86NDCFH",="0.0A6KDH3A6KD",="0.0A2CF3IMHGA",="0.09M86ELC9M8",="0.09I77HBJ2K8",="0.09E9E9E9E9E",="0.09AEMJG33CN",="0.096N5A1D3KL",="0.093A6KDH3A6",="0.09"
="Base 25",="0.CCCCCCCCCCC",="0.88888888888",="0.66666666666",="0.5",="0.44444444444",="0.3E73E73E73E",="0.33333333333",="0.2JB2JB2JB2J",="0.2CCCCCCCCCC",="0.26KB926KB92",="0.22222222222",="0.1N1N1N1N1N1",="0.1JG1JG1JG1J",="0.1GGGGGGGGGG",="0.1E1E1E1E1E1",="0.1BJ2ND5M1BJ",="0.19I19I19I19",="0.17M956EBL17",="0.16666666666",="0.14J14J14J14",="0.13A5H13A5H1",="0.1248H9JE36D",="0.11111111111",="0.1",="0.0O0O0O0O0O",="0.0N3HEK96C0N",="0.0M80M80M80M",="0.0LDJKH60LDJ",="0.0KKKKKKKKKK",="0.0K40K40K40K",="0.0JD70JD70JD",="0.0INC30INC3",="0.0I9DO6FB0I9",="0.0HLAHLAHLAH",="0.0H90H90H90H",="0.0GM7AK6IMO8",="0.0GB4F375N0G",="0.0G0G0G0G0G",="0.0FFFFFFFFFF",="0.0F62AO9IME",="0.0EM0EM0EM0E",="0.0ED97DNKN69",="0.0E52L0E52L",="0.0DM5DM5DM5D",="0.0DEGL4M71FJ",="0.0D7B469E911",="0.0D0D0D0D0D",="0.0CILNBI94EJ",="0.0CCCCCCCCCC",="0.0C697L1O0C6",="0.0C0C0C0C0C",="0.0BJK71M4637",="0.0BE8JMH360B",="0.0B926KB926K",="0.0B40B40B40B",="0.0AO31ILC70A",="0.0AJ9ML30AJ9",="0.0AEKJ1H9816",="0.0AAAAAAAAAA",="0.0A63H584MNJ",="0.0A20A20A20A",="0.09N09N09N09",="0.09J3CM6G09J"
="Base 26",="0.D",="0.8H8H8H8H8H8",="0.6D",="0.55555555555",="0.48H8H8H8H8H",="0.3IEM7B3IEM7",="0.36D",="0.2N2N2N2N2N2",="0.2FFFFFFFFFF",="0.29BL729BL72",="0.248H8H8H8H8",="0.2",="0.1M7B3IEM7B3",="0.1J1J1J1J1J1",="0.1G6D",="0.1DJMOC631DJ",="0.1BEBEBEBEBE",="0.19F19F19F19",="0.17KKKKKKKKK",="0.164OJL164OJ",="0.14INGE4INGE",="0.13A4DEI26K9",="0.1248H8H8H8H",="0.11111111111",="0.1",="0.0P0P0P0P0P",="0.0O3IEM7B3IE",="0.0N81KG3F674",="0.0MDMDMDMDMD",="0.0LKP450LKP4",="0.0L36D",="0.0KCFJI33OB",="0.0JMOC631DJM",="0.0J84BN0J84B",="0.0IK5K5K5K5K",="0.0I70I70I70I",="0.0HKDHKDHKDH",="0.0H8H8H8H8H8",="0.0GNAAAAAAAA",="0.0GCHJH34BAK",="0.0G2C9NDG2C9",="0.0FIJ91L4615",="0.0F9BL729BL7",="0.0F0F0F0F0F",="0.0EI26K913A4",="0.0E9ON625DLE",="0.0E248H8H8H8",="0.0DKI11FA234",="0.0DDDDDDDDDD",="0.0D6G84210D6",="0.0D",="0.0CJG4NE5N1C",="0.0CDCDCDCDCD",="0.0C7EH0C7EH",="0.0C1M7B3IEM7",="0.0BM9350BM93",="0.0BH0N81KG3F",="0.0BBN96FMC8L",="0.0B6O6O6O6O6",="0.0B23AH176A5",="0.0ANCF2DANCF",="0.0AIPF70AIPF",="0.0AEG6D"
="Base 27",="0.DDDDDDDDDDD",="0.9",="0.6K6K6K6K6K6",="0.5ALG5ALG5AL",="0.4DDDDDDDDDD",="0.3N3N3N3N3N3",="0.3A3A3A3A3A3",="0.3",="0.2IO82IO82IO",="0.2C79M2C79M2",="0.26K6K6K6K6K",="0.22222222222",="0.1P1P1P1P1P1",="0.1LG5ALG5ALG",="0.1IF51IF51IF",="0.1FNM69E7PB3",="0.1DDDDDDDDDD",="0.1B9PFH1B9PF",="0.19C419C419C",="0.17J7J7J7J7J",="0.163IB163IB1",="0.14IL3E29AF7",="0.13A3A3A3A3A",="0.1248H7F36CP",="0.11111111111",="0.1",="0.0Q0Q0Q0Q0Q",="0.0P3JEO5FM98",="0.0O82IO82IO8",="0.0NDP6Q3D1K",="0.0ML2E97G0ML",="0.0M2C79M2C79",="0.0LBOGI73Q5F",="0.0KMA0KMA0KM",="0.0K6K6K6K6K6",="0.0JIQ780JIQ7",="0.0J4Q7M0J4Q7",="0.0IIIIIIIIII",="0.0I620I620I6",="0.0HL1Q95P0HL",="0.0H9H9H9H9H9",="0.0GPK2DLQA16",="0.0GF95E31MJ",="0.0G5ALG5ALG5",="0.0FMO1KEI57H",="0.0FDL6O3C1JE",="0.0F51IF51IF5",="0.0ENIJMFQC38",="0.0EFHM3L1GJQ",="0.0E7PB34KHCJ",="0.0E0E0E0E0E",="0.0DKA52EKNPC",="0.0DDDDDDDDDD",="0.0D6NF5O1CKG",="0.0D0D0D0D0D",="0.0CL8E5ICL8E",="0.0CF9KPG7OI4",="0.0C9GCLQ27L1",="0.0C419C419C4",="0.0BPI3QF18N",="0.0BKCGQF6EA",="0.0BFBFBFBFBF",="0.0BAEKI3LDOO"
="Base 28",="0.E",="0.99999999999",="0.7",="0.5GMB5GMB5GM",="0.4IIIIIIIIII",="0.4",="0.3E",="0.33333333333",="0.2MB5GMB5GMB",="0.2F7HMPCKA52",="0.29999999999",="0.248H6CPNJAL",="0.2",="0.1O7D1O7D1O7",="0.1L",="0.1I386GD4Q9O",="0.1FFFFFFFFFF",="0.1D7A8NG5P1D",="0.1B5GMB5GMB5",="0.19999999999",="0.17HMPCKA52F",="0.162C4O9KJDA",="0.14IIIIIIIII",="0.13A26K4DC8Q",="0.1248H6CPNJA",="0.11111111111",="0.1",="0.0R0R0R0R0R",="0.0Q3KEQ3KEQ3",="0.0P83H4ECI1M",="0.0OE",="0.0NL5Q8DG3B",="0.0N1I386GD4Q",="0.0MB5GMB5GMB",="0.0LLLLLLLLLL",="0.0L58927FOR6",="0.0KHJ4BM2QEK",="0.0K2OBDHQFM7",="0.0JGMB5GMB5G",="0.0J3BH21A6N6",="0.0IIIIIIIIII",="0.0I6E9374FHG",="0.0HMPCKA52F7",="0.0HBN0HBN0HB",="0.0H162C4O9KJ",="0.0GJ1M15A3G2",="0.0G999999999",="0.0FRR000RR",="0.0FJ13A26K4D",="0.0FAC25DK8LQ",="0.0F248H6CPNJ",="0.0EM57PON6O8",="0.0EEEEEEEEEE",="0.0E73FLOQD6H",="0.0E",="0.0DL3C7O1R0D",="0.0DEDEDEDEDE",="0.0D81P47GH2A",="0.0D1O7D1O7D1",="0.0CNO951AFGR",="0.0CI1MG7690P",="0.0CCCCCCCCCC",="0.0C7"
="Base 29",="0.EEEEEEEEEE",="0.9J9J9J9J9J",="0.7777777777",="0.5N5N5N5N5N",="0.4O4O4O4O4O",="0.4444444444",="0.3I3I3I3I3I",="0.36CPMG36CP",="0.2Q2Q2Q2Q2Q",="0.2ID57QAFNL",="0.2C2C2C2C2C",="0.26K26K26K2",="0.2222222222",="0.1R1R1R1R1R",="0.1NG91NG91N",="0.1KDIM53BR8",="0.1HKRB81HKR",="0.1F7I94GMPR",="0.1D1D1D1D1D",="0.1B1B1B1B1B",="0.196H3RJMBP",="0.17GBA2F3MK",="0.1616161616",="0.14IG6ROACM",="0.13A13A13A1",="0.1248H5ALDR",="0.1111111111",="0.1",="0.0S0S0S0S0S",="0.0R3LES1P7E",="0.0Q84FBMJ0Q",="0.0PE1LS3ER7",="0.0OL9B2G5S4",="0.0O0O0O0O0O",="0.0NADK40NAD",="0.0ML4KAS67O",="0.0M3NJ28BCS",="0.0LGABQ0LGA",="0.0L0L0L0L0L",="0.0KEOLQPDCL",="0.0K0K0K0K0K",="0.0JG5BDE4KQ",="0.0J38GDOB5R",="0.0IJSA90IJS",="0.0I85JFM1PO",="0.0HPQFC9P8I",="0.0HF30HF30H",="0.0H4L8PD0H4",="0.0GNMHSC56B",="0.0GE67BAN92",="0.0G50G50G5",="0.0FP4QNF98L",="0.0FGIN2JP6S",="0.0F8CISDKGA",="0.0F0F0F0F0F",="0.0ELPCKOQRS",="0.0EEEEEEEEE",="0.0E7ANH5Q1D",="0.0E0E0E0E0E",="0.0DMNM9SF65",="0.0DGALSFCI7",="0.0DA3JN0DA3",="0.0D427KB9ER"
="Base 30",="0.F",="0.A",="0.7F",="0.6",="0.5",="0.48H48H48H4",="0.3MF",="0.3A",="0.3",="0.2LOGAR85DJ",="0.2F",="0.296RKN296R",="0.248H48H48H",="0.2",="0.1Q7F",="0.1MS71MS71M",="0.1K",="0.1HB1HB1HB1",="0.1F",="0.1CPLCPLCPL",="0.1AR85DJ2LO",="0.193RBM56FJ",="0.17F",="0.16",="0.14IDPBG4ID",="0.13A",="0.1248H48H48",="0.1111111111",="0.1",="0.0T0T0T0T0T",="0.0S3MF",="0.0R85DJ2LOG",="0.0QE3FQE3FQ",="0.0PLCPLCPLC",="0.0P",="0.0O9LQML2CT",="0.0NKFNKFNKF",="0.0N296RKN29",="0.0MF",="0.0LSG2RO4BL",="0.0LCPLCPLCP",="0.0KRR68B4QF",="0.0KDJ2LOGAR",="0.0K",="0.0JGSKQ2I7O",="0.0J4E188S2G",="0.0IMF",="0.0IB0IB0IB",="0.0I",="0.0HJCAHJCAH",="0.0H96RKN296",="0.0GTD0GTD0G",="0.0GK",="0.0GAR85DJ2L",="0.0G248H48H4",="0.0FNKFNKFNK",="0.0FFFFFFFFF",="0.0F7IOC631F",="0.0F",="0.0EMIKJK4RG",="0.0EFEFEFEFE",="0.0E8H48H48H",="0.0E1Q7F"
="Base 31",="0.FFFFFFFFFF",="0.AAAAAAAAAA",="0.7N7N7N7N7N",="0.6666666666",="0.5555555555",="0.4D8QHM4D8Q",="0.3R3R3R3R3R",="0.3DO3DO3DO3",="0.3333333333",="0.2PB8E2PB8E",="0.2I2I2I2I2I",="0.2BSJ2BSJ2B",="0.26JSOB26JS",="0.2222222222",="0.1T1T1T1T1T",="0.1PGCNLRAT5",="0.1MC1MC1MC1",="0.1JHTBD1JHT",="0.1H1H1H1H1H",="0.1ENJ5S1ENJ",="0.1CL471CL47",="0.1AO82LHG5C",="0.1919191919",="0.17DJQ17DJQ",="0.15TP15TP15",="0.14IBESLP81",="0.139TRL139T",="0.1248H36CPK",="0.1111111111",="0.1",="0.0U0U0U0U0U",="0.0T3NF0T3NF",="0.0S86BQDKU2",="0.0RE59N0RE5",="0.0QLGB60QLG",="0.0PU50PU50P",="0.0P8U5M0P8U",="0.0OJR0OJR0O",="0.0O0O0O0O0O",="0.0NDIRU7HC3",="0.0MR9IE0MR9",="0.0MAP76F4A2",="0.0LQ23G6AHJ",="0.0LB0LB0LB",="0.0KRJGQ8NI6",="0.0KDQBR19RL",="0.0K0K0K0K0K",="0.0JIUBC0JIU",="0.0J6PD0J6PD",="0.0IQ47RTO9M",="0.0IES0IES0I",="0.0I42SKEJ9B",="0.0HOL7EAS4",="0.0HEK90HEK9",="0.0H4UDQ0H4U",="0.0GQK3P0GQK",="0.0GHJO1ILSA",="0.0G8SRQ8CIS",="0.0G0G0G0G0G",="0.0FNBLAKPSE",="0.0FFFFFFFFF",="0.0F7R1U0F7R",="0.0F0F0F0F0F"
="Base 32",="0.G",="0.ALALALALAL",="0.8",="0.6CPJ6CPJ6C",="0.5ALALALALA",="0.4I94I94I94",="0.4",="0.3HOSE73HOS",="0.36CPJ6CPJ6",="0.2T2T2T2T2T",="0.2LALALALAL",="0.2EOJM4TH7C",="0.294I94I94I",="0.248H248H24",="0.2",="0.1S7GU3OF1S",="0.1OSE73HOSE",="0.1LSK6NIGQU",="0.1J6CPJ6CPJ",="0.1GOC631GOC",="0.1EHEHEHEHE",="0.1CGM8B45I2",="0.1ALALALALA",="0.18UN18UN18",="0.17C9R2EOJM",="0.15TK4NMGIU",="0.14I94I94I9",="0.139TPC4D7N",="0.1248H248H2",="0.1111111111",="0.1",="0.0V0V0V0V0V",="0.0U3OF1S7GU",="0.0T87A1QGEK",="0.0SE73HOSE7",="0.0RLJSH9GDQ",="0.0QUA3BP8DF",="0.0Q86I1KGD4",="0.0PJ6CPJ6CP",="0.0OV70OV70O",="0.0OC631GOC6",="0.0NQ1FK2V85",="0.0N8N8N8N8N",="0.0MO5M1DGBC",="0.0M8B45I2P1",="0.0LP642N4OG",="0.0LALALALAL",="0.0KSNGAEBO5",="0.0KFBGKFBGK",="0.0K2GA1850K",="0.0JM4TH7C9R",="0.0JA8EFMARO",="0.0IUQ2BR89F",="0.0IJP0IJP0I",="0.0I94I94I94",="0.0HUS27RG8V",="0.0HKUSM26JR",="0.0HBCF5UT97",="0.0H248H248H",="0.0GP5OKVF6Q",="0.0GGGGGGGGG",="0.0G84210G84",="0.0G"
="Base 33",="0.GGGGGGGGGG",="0.B",="0.8888888888",="0.6JQD6JQD6J",="0.5GGGGGGGGG",="0.4NIS9E4NIS",="0.4444444444",="0.3M",="0.39TN39TN39",="0.3",="0.2OOOOOOOOO",="0.2HPCMRUF7K",="0.2BPUL72BPU",="0.26JQD6JQD6",="0.2222222222",="0.1V1V1V1V1V",="0.1RGGGGGGGG",="0.1OADTHC56V",="0.1LES1LES1L",="0.1IS9E4NIS9",="0.1GGGGGGGGG",="0.1EBFPR8K2S",="0.1CCCCCCCCC",="0.1AIFRNP2L3",="0.18T6BDVO3Q",="0.17B",="0.15TFAK15TF",="0.14I6RA7VSE",="0.139TN39TN3",="0.1248H1248H",="0.1111111111",="0.1",="0.0W0W0W0W0W",="0.0V3PF2RBAC",="0.0U88888888",="0.0TE8UAN68",="0.0SLNEP62JW",="0.0RUF7KA52H",="0.0R7E0R7E0R",="0.0QIGTPOVCS",="0.0PUL72BPUL",="0.0PAOIDQSD1",="0.0OOOOOOOOO",="0.0O6JQD6JQD",="0.0NM7TDKQHU",="0.0N5KBUTG4U",="0.0MMMMMMMMM",="0.0M7DFG5CQ8",="0.0LPODSCHR1",="0.0LBLBLBLBL",="0.0KV35NFSID",="0.0KI1SL5JUG",="0.0K5GGGGGGG",="0.0JQD6JQD6J",="0.0JEO5A0JEO",="0.0J3FKRQ1OA",="0.0IPJU53WE7",="0.0IF3BOK4FL",="0.0I4VBI4VBI",="0.0HS4AR1KIC",="0.0HIKP0HIKP",="0.0H9E4NIS9E",="0.0H0H0H0H0H"
="Base 34",="0.H",="0.BBBBBBBBBB",="0.8H",="0.6R6R6R6R6R",="0.5MMMMMMMMM",="0.4T4T4T4T4T",="0.48H",="0.3QF3QF3QF3",="0.3DKDKDKDKD",="0.3333333333",="0.2SBBBBBBBB",="0.2KVD2KVD2K",="0.2EJEJEJEJE",="0.2929292929",="0.248H",="0.2",="0.1U7IU7IU7I",="0.1QSLG3JN8W",="0.1NR6R6R6R6",="0.1L1L1L1L1L",="0.1IIIIIIIII",="0.1G8TJ7DABS",="0.1E5MMMMMMM",="0.1C85EWLPSJ",="0.1AFNIAFNIA",="0.18RNVGCK51",="0.179O9O9O9O",="0.15TAIPQWS4",="0.14I4I4I4I4",="0.139TKSHILV",="0.1248H",="0.1111111111",="0.1",="0.0X0X0X0X0X",="0.0W3QF3QF3Q",="0.0V896ENUB",="0.0UEAP1QSLG",="0.0TLR0TLR0T",="0.0SUKDKDKDK",="0.0S6LJ2GJUN",="0.0RHRHRHRHR",="0.0QU1JQ35I6",="0.0Q99999999",="0.0PNEC30PNE",="0.0P4EQKNM5V",="0.0OK8N525QQ",="0.0O2SBBBBBB",="0.0NK45IOXAD",="0.0N42OGATV9",="0.0MMMMMMMMM",="0.0M7SQ57SQ5",="0.0LRJU54GN3",="0.0LDSWP6A2H",="0.0L0L0L0L0L",="0.0KLT4T4T4T",="0.0K9IGNT7PM",="0.0JVM9CUGE2",="0.0JK5PVNLAW",="0.0J92929292",="0.0IWB50IWB5",="0.0ILVRE8QAW",="0.0IBTN70IBT",="0.0I248H"
="Base 35",="0.HHHHHHHHHH",="0.BNBNBNBNBN",="0.8Q8Q8Q8Q8Q",="0.7",="0.5T5T5T5T5T",="0.5",="0.4D4D4D4D4D",="0.3V3V3V3V3V",="0.3HHHHHHHHH",="0.36CPFVSM9J",="0.2W2W2W2W2W",="0.2O82O82O82",="0.2HHHHHHHHH",="0.2BNBNBNBNB",="0.26JO26JO26",="0.2222222222",="0.1X1X1X1X1X",="0.1TGK97CVB1",="0.1Q8Q8Q8Q8Q",="0.1NBNBNBNBN",="0.1KNU7XEB4R",="0.1I94JRDOC6",="0.1G1G1G1G1G",="0.1E",="0.1C41C41C41",="0.1ACXOM1ACX",="0.18Q8Q8Q8Q8",="0.178FO4SXRQ",="0.15T5T5T5T5",="0.14I2914I29",="0.139TIKRC13",="0.1248GXWUQI",="0.1111111111",="0.1",="0.0Y0Y0Y0Y0Y",="0.0X3RF4PIW5",="0.0W8A4L6FN",="0.0VECJQ0VEC",="0.0ULULULULU",="0.0TUPLBXA8I",="0.0T5T5T5T5T",="0.0SH38XD0SH",="0.0RTF3Y75JV",="0.0R7R7R7R7R",="0.0QM29V6TNK",="0.0Q286OK3PB",="0.0PI80PI80P",="0.0OYY0000YY",="0.0OHHHHHHHH",="0.0O0O0O0O0O",="0.0NJI620NJI",="0.0N3XNR2MFT",="0.0MNYCB0MNY",="0.0M9J36CPFV",="0.0LULULULUL",="0.0LH6QE4AFC",="0.0L47TJVYDU",="0.0KQOB9H745",="0.0KEKEKEKEK",="0.0K2UEC1P8L",="0.0JQIM0JQIM",="0.0JFJFJFJFJ",="0.0J4W9ADNI1"
="Base 36",="0.I",="0.C",="0.9",="0.7777777777",="0.6",="0.5555555555",="0.4I",="0.4",="0.3LLLLLLLLL",="0.39TGD39TGD",="0.3",="0.2ROX8B2ROX",="0.2KKKKKKKKK",="0.2EEEEEEEEE",="0.29",="0.248GXVRJ24",="0.2",="0.1W7KUBD9H1",="0.1SSSSSSSSS",="0.1PPPPPPPPP",="0.1MWQ6JMWQ6",="0.1KCIS69E34",="0.1I",="0.1FU8N1FU8N",="0.1DUGM5JDUG",="0.1C",="0.1AAAAAAAAA",="0.18OTSJV18O",="0.1777777777",="0.15T15T15T1",="0.14I",="0.139TGD39TG",="0.1248GXVRJ2",="0.1111111111",="0.1",="0.0Z0Z0Z0Z0Z",="0.0Y3SF5OMQI",="0.0X8B2ROX8B",="0.0WEEEEEEEE",="0.0VLY8S3IFS",="0.0UUUUUUUUU",="0.0U50U50U5",="0.0TGD39TGD3",="0.0SSSSSSSSS",="0.0S69E34P1K",="0.0RKOIDSC96",="0.0R",="0.0QG5VLB0QG",="0.0PX4BIPX4B",="0.0PETNAL6CP",="0.0OX8B2ROX8",="0.0OGAV8TVXA",="0.0O",="0.0NKAH0NKAH",="0.0N55555555",="0.0MQIY3SF5O",="0.0MCEW9XIMC",="0.0LYS2FV49R",="0.0LLLLLLLLL",="0.0L8UOSBSX1",="0.0KWIKWIKWI",="0.0KKKKKKKKK",="0.0K9"
="Base 37",="0.IIIIIIIIII",="0.CCCCCCCCCC",="0.9999999999",="0.7ETM7ETM7E",="0.6666666666",="0.5AL5AL5AL5",="0.4N4N4N4N4N",="0.4444444444",="0.3PXB3PXB3P",="0.3DGUA3DGUA",="0.3333333333",="0.2VBE8JY5PM",="0.2NT2NT2NT2",="0.2H9W2H9W2H",="0.2BKU2BKU2B",="0.26JLSAWNYU",="0.2222222222",="0.1Z1Z1Z1Z1Z",="0.1VGO1VGO1V",="0.1S71S71S71",="0.1P8F51P8F5",="0.1MJB9O4UKX",="0.1K1K1K1K1K",="0.1HS4GADBV2",="0.1FO749ZLCT",="0.1DQ1DQ1DQ1",="0.1BX1BX1BX1",="0.1A7O8YGLPJ",="0.18NG18NG18",="0.175ZTV175Z",="0.15SXJOAF15",="0.14HYS14HYS",="0.139TE5GBZX",="0.1248GXUOBN",="0.1111111111",="0.1",="0.0a0a0a0a0a",="0.0Z3TF6NQKW",="0.0Y8C0Y8C0Y",="0.0XEG90XEG9",="0.0WM0WM0WM",="0.0VUa560VUa",="0.0V47L0V47L",="0.0UFN0UFN0U",="0.0TS5NC2FAG",="0.0T4QSCM1L9",="0.0SJA0SJA0S",="0.0RYR6TGMO6",="0.0RE2856OFJ",="0.0QV79FZKBM",="0.0QC3KNHT6E",="0.0PUQJK92TB",="0.0PD0PD0PD",="0.0OWZO82PKV",="0.0OGJ5Z0OGJ",="0.0O0O0O0O0O",="0.0NMC4H8AV9",="0.0N7JGBAOGY",="0.0MU80MU80M",="0.0MGDZ6OW5G",="0.0M2aEY0M2a",="0.0LR0LR0LR",="0.0LEGSC57J2"
="Base 38",="0.J",="0.CPCPCPCPCP",="0.9J",="0.7MUF7MUF7M",="0.6CPCPCPCPC",="0.5GAWLR5GAW",="0.4SJ",="0.48GXTL48GX",="0.3UF7MUF7MU",="0.3HADV3HADV",="0.36CPCPCPCP",="0.2Z2Z2Z2Z2Z",="0.2R5GAWLR5G",="0.2KA52KA52K",="0.2E9J",="0.28ZT28ZT28",="0.248GXTL48G",="0.2",="0.1Y7MUF7MUF",="0.1USa791USa",="0.1RO6YKRO6Y",="0.1OTS3BLI6N",="0.1M6CPCPCPC",="0.1JSXGRDPVY",="0.1HKHKHKHKH",="0.1FIB9WE2Ua",="0.1DLR5GAWLR",="0.1BU596KaQ7",="0.1A52KA52KA",="0.18M2H64YC9",="0.174SJ",="0.15STZQIG4N",="0.14HXK4HXK4",="0.139TBZVIHE",="0.1248GXTL48",="0.1111111111",="0.1",="0.0b0b0b0b0b",="0.0a3UF7MUF7",="0.0Z8Cb2TP0Z",="0.0YEI3NJYEI",="0.0XM3KCE5BI",="0.0WV3HADV3H",="0.0W3EDJG1Q6",="0.0VEX1OTS3B",="0.0URIMO9QPX",="0.0U36CPCPCP",="0.0THVU9BO1K",="0.0SXGRDPVYa",="0.0SBZ0SBZ0S",="0.0RT8T8T8T8",="0.0R9C76H7XQ",="0.0QS5NZ71FI",="0.0Q9PLFXWHa",="0.0PTWLR5GAW",="0.0PCPCPCPCP",="0.0OY2NMAID3",="0.0OI1Aa2LY5",="0.0O2KA52KA5",="0.0NPKL6WEa4",="0.0NB18M2H64",="0.0MYbF30MYb",="0.0MLE9J"
="Base 39",="0.JJJJJJJJJJ",="0.D",="0.9T9T9T9T9T",="0.7V7V7V7V7V",="0.6JJJJJJJJJ",="0.5MB5MB5MB5",="0.4Y4Y4Y4Y4Y",="0.4D",="0.3Z3Z3Z3Z3Z",="0.3LAOVZHSE7",="0.39T9T9T9T9",="0.3",="0.2UP2UP2UP2",="0.2NFNFNFNFN",="0.2H2H2H2H2H",="0.2BIDTW4MaR",="0.26JJJJJJJJ",="0.2222222222",="0.1b1b1b1b1b",="0.1XGRXGRXGR",="0.1U5CFb8XQN",="0.1R53FA6UKD",="0.1OEOEOEOEO",="0.1LWTObH69E",="0.1JJJJJJJJJ",="0.1HD",="0.1FCKYW1FCK",="0.1DHIWATMXO",="0.1BRBRBRBRB",="0.1A2K51A2K5",="0.18KS18KS18",="0.173LAOVZHS",="0.15SQEZLUbX",="0.14HWCA14HW",="0.139T9T9T9T",="0.1248GXSHZW",="0.1111111111",="0.1",="0.0c0c0c0c0c",="0.0b3VF8LY9J",="0.0a8Da8Da8D",="0.0ZEJb79c3O",="0.0YM67c4GWV",="0.0XV7V7V7V7",="0.0X2L7OMYTQ",="0.0WE45VKT1P",="0.0VQVQVQVQV",="0.0V1N376ECS",="0.0UGEVc8MO7",="0.0TW4MaRKP9",="0.0T9T9T9T9T",="0.0SR8WERbKN",="0.0S6JJJJJJJ",="0.0RPKLcBDIH",="0.0R6AHG0R6A",="0.0QQQQQQQQQ",="0.0Q8SZOYBGV",="0.0PUFXRTT3B",="0.0PDPDPDPDP",="0.0OaHA8b37Q",="0.0OKTM0OKTM",="0.0O5MB5MB5M",="0.0NTXK4AE0N"
="Base 40",="0.K",="0.DDDDDDDDD",="0.A",="0.8",="0.6QQQQQQQQ",="0.5SMYBH5SM",="0.5",="0.4HV4HV4HV",="0.4",="0.3PI7AaELW",="0.3DDDDDDDD",="0.333333333",="0.2YBH5SMYB",="0.2QQQQQQQQ",="0.2K",="0.2E4S9GIWb",="0.28ZM8ZM8Z",="0.248GXRETI",="0.2",="0.1a7OUJ1a7",="0.1WT3PI7Aa",="0.1TMODaKYV",="0.1QQQQQQQQ",="0.1O",="0.1LLLLLLLL",="0.1JAEWNS5b",="0.1H5SMYBH5",="0.1F6ZYJCGM",="0.1DDDDDDDD",="0.1BOKPWACa",="0.1A",="0.18JFUC4Xb",="0.172E4S9GI",="0.15SMYBH5S",="0.14HV4HV4H",="0.139T7MS4C",="0.1248GXRET",="0.111111111",="0.1",="0.0d0d0d0d",="0.0c3WF9Kc3",="0.0b8EZDc5N",="0.0aELWT3PI",="0.0ZM8ZM8ZM",="0.0YVC6cAHF",="0.0Y1S3G6WD",="0.0XDDDDDDD",="0.0WQ4ZaTFK",="0.0W",="0.0VEa35JOC",="0.0UUUUUUUU",="0.0U7LZIYSR",="0.0TP7GBY2c",="0.0T3PI7AaE",="0.0SMYBH5SM",="0.0S2WB94aJ",="0.0RNHb9Q8B",="0.0R4TX8WLR",="0.0QQQQQQQQ",="0.0Q978KdDU",="0.0PWACa56I",="0.0PFYaX0PF",="0.0P"
="Base 41",="0.KKKKKKKKK",="0.DRDRDRDRD",="0.AAAAAAAAA",="0.888888888",="0.6Y6Y6Y6Y6",="0.5Z5Z5Z5Z5",="0.555555555",="0.4MVaI94MV",="0.444444444",="0.3TXMEbB7I",="0.3H3H3H3H3",="0.36CP9IbYS",="0.2c2c2c2c2",="0.2U2U2U2U2",="0.2N2N2N2N2",="0.2Ga79QLSc",="0.2BFcTP2BF",="0.26JHAWF4C",="0.222222222",="0.1d1d1d1d1",="0.1ZGVRd5O9",="0.1W3N75EAS",="0.1T1T1T1T1",="0.1Q9YI1Q9Y",="0.1NQX4TdHE",="0.1LAPXGSYb",="0.1J1J1J1J1",="0.1GdO1GdO1",="0.1F1F1F1F1",="0.1D9ANX2QI",="0.1BLW1BLW1",="0.19cL4dV2J",="0.18I3PDAYd",="0.171717171",="0.15SJEX15S",="0.14HTbRSX9",="0.139T5G7MQ",="0.1248GXQBN",="0.111111111",="0.1",="0.0e0e0e0e",="0.0d3XFAK0d",="0.0c8FYJNC4",="0.0bENSA0bE",="0.0aMBO2RPY",="0.0ZVGNMRbK",="0.0Z0Z0Z0Z",="0.0YCMOAZe6",="0.0XPH90XPH",="0.0WdG38YNC",="0.0WDGMZJT7",="0.0VTGA2D67",="0.0V5Cb8EHI",="0.0UN4JFQYB",="0.0U0U0U0U",="0.0TK5Uc51H",="0.0SeC0SeC",="0.0SK6AHFBX",="0.0S0S0S0S",="0.0RMYceDI6",="0.0R4PWGLXT",="0.0QReED0QR",="0.0QAaL5VG"
="Base 42",="0.L",="0.E",="0.AL",="0.8GXP8GXP8",="0.7",="0.6",="0.5AL",="0.4S",="0.48GXP8GXP",="0.3YFBJ3YFB",="0.3L",="0.39T39T39T",="0.3",="0.2XP8GXP8G",="0.2QAL",="0.2JW4dM9b2",="0.2E",="0.28ZFJbODB",="0.248GXP8GX",="0.2",="0.1c7QUMc7Q",="0.1YT95K3RG",="0.1VL",="0.1SNLZBVcQ",="0.1PZMPZMPZ",="0.1NE",="0.1L",="0.1IYVa8SeN",="0.1GXP8GXP8",="0.1EbdC85HP",="0.1D5AL",="0.1BJ3YFBJ3",="0.19b2JW4dM",="0.18GXP8GXP",="0.17",="0.15SFbJCKI",="0.14HSUdX6Q",="0.139T39T39",="0.1248GXP8G",="0.111111111",="0.1",="0.0f0f0f0f",="0.0e3YFBJ3Y",="0.0d8GXP8GX",="0.0cEPNV1YT",="0.0bMECLIW7",="0.0aVL",="0.0aff0f0ff",="0.0ZBVcQaeD",="0.0YOTR7HCE",="0.0XcWCcWCc",="0.0XBbACSM7",="0.0WS",="0.0W32C96aR",="0.0VL",="0.0UdX6QM4H",="0.0UHFd4EKB",="0.0TbUPQE9e",="0.0TGXP8GXP",="0.0ScNH8ddA",="0.0SIeR42TX",="0.0S",="0.0RNQAL"
="Base 43",="0.LLLLLLLLL",="0.EEEEEEEEE",="0.AWAWAWAWA",="0.8PYH8PYH8",="0.777777777",="0.666666666",="0.5G5G5G5G5",="0.4XJ4XJ4XJ",="0.4CcU4CcU4",="0.3d3d3d3d3",="0.3P3P3P3P3",="0.3D9dTX3D9",="0.333333333",="0.2bBK2bBK2",="0.2TO82TO82",="0.2MWbeKA52",="0.2GV2GV2GV",="0.2BDOcKFa9",="0.26JF26JF2",="0.222222222",="0.1f1f1f1f1",="0.1bGZMITdB",="0.1Y1Y1Y1Y1",="0.1UfC1UfC1",="0.1S4fEc1S4",="0.1PKUB6FdZ",="0.1N1N1N1N1",="0.1KWQTS7HY",="0.1IRA1IRA1",="0.1GRVca2XC",="0.1EXPMaC41",="0.1D1D1D1D1",="0.1BGIfVQO1",="0.19ZR19ZR1",="0.18FMTb18F",="0.16fa16fa1",="0.15SCJA7dQ",="0.14HROB14H",="0.139T139T1",="0.1248GXO5A",="0.111111111",="0.1",="0.0g0g0g0g",="0.0f3ZFCI6T",="0.0e8HWUaJR",="0.0dERJ96HG",="0.0cMH0cMH",="0.0bVPJD70b",="0.0ag60ag6",="0.0aAfDL3G",="0.0ZNg7J0ZN",="0.0Yc5T8dWJ",="0.0YAF5OTJd",="0.0XQP0XQP",="0.0X0X0X0X",="0.0WIafL5C3",="0.0VbYaE3UH",="0.0VEOXMPLb",="0.0UZ50UZ5",="0.0UDGdKJ1H",="0.0TZFedMc6",="0.0TF0TF0TF",="0.0ScCWdRNM"
="Base 44",="0.M",="0.ETETETETE",="0.B",="0.8Z8Z8Z8Z8",="0.7ETETETET",="0.6CP6CP6CP",="0.5M",="0.4d4d4d4d4",="0.4HQHQHQHQ",="0.4",="0.3TETETETE",="0.3GeR3GeR3",="0.36CP6CP6C",="0.2f2f2f2f2",="0.2X",="0.2PcaAFNCf",="0.2JOJOJOJO",="0.2DdG9BPKb",="0.28Z8Z8Z8Z",="0.248GXN248",="0.2",="0.1e7SUQYJ5",="0.1aTETETET",="0.1XJFagAOS",="0.1UKDNUKDN",="0.1RUgGD1RU",="0.1P6CP6CP6",="0.1MXGUF7PY",="0.1KNKNKNKN",="0.1IJcE8MV9",="0.1GM",="0.1ETETETET",="0.1CfI57XSK",="0.1BDaK51BD",="0.19Y9Y9Y9Y",="0.18EBdAUeJ",="0.16fU4RYWI",="0.15S915S91",="0.14HQHQHQH",="0.139SgeYF1",="0.1248GXN24",="0.111111111",="0.1",="0.0h0h0h0h",="0.0g3aFDH9O",="0.0f8IVaMKQ",="0.0eETETETE",="0.0dMJX9cQf",="0.0cVTeL5CE",="0.0bgC3Jb4D",="0.0bA6XbA6X",="0.0aNAYc8DC",="0.0ZbL86MZb",="0.0Z8Z8Z8Z8",="0.0YP6CP6CP",="0.0XgK33baC",="0.0XGUF7PYd",="0.0WZZ2AJH6",="0.0WBWBWBWB",="0.0VWK8SbMF",="0.0V9f74BFQ",="0.0UW5Pb0UW",="0.0UB"
="Base 45",="0.MMMMMMMMM",="0.F",="0.BBBBBBBBB",="0.9",="0.7MMMMMMMM",="0.6JCcPW6JC",="0.5S5S5S5S5",="0.5",="0.4MMMMMMMM",="0.444444444",="0.3XXXXXXXX",="0.3KYRV6fOA",="0.39SfZG39S",="0.3",="0.2aPE2aPE2",="0.2T5DAQL7g",="0.2MMMMMMMM",="0.2GQ2GQ2GQ",="0.2BBBBBBBB",="0.26JCcPW6J",="0.222222222",="0.1h1h1h1h1",="0.1dGdGdGdG",="0.1a",="0.1WdaFPhC5",="0.1U",="0.1REKe81RE",="0.1ObAcZV1O",="0.1MMMMMMMM",="0.1KENA7BRQ",="0.1ICTNeZ71",="0.1GGGGGGGG",="0.1EP6RZX3h",="0.1CcPW6JCc",="0.1BBBBBBBB",="0.19WbVRhZC",="0.18D18D18D",="0.16fOAHDc3",="0.15S5S5S5S",="0.14HPAheRJ",="0.139SfZG39",="0.1248GXLhg",="0.111111111",="0.1",="0.0i0i0i0i",="0.0h3bFEGCK",="0.0g8JUg8JU",="0.0fEVA4QSL",="0.0eMMMMMMM",="0.0dVYINb2T",="0.0cgI7ZLSP",="0.0c9FCX54B",="0.0bMMMMMMM",="0.0aaaaaaaa",="0.0a7AK40a7",="0.0ZNUZNUZN",="0.0Yf5JHc0Y",="0.0YEM5FBJb",="0.0XXXXXXXX",="0.0X8cGAEXg",="0.0WTY53SDZ",="0.0W6JCcPW6",="0.0VSbBge3N"
="Base 46",="0.N",="0.FFFFFFFFF",="0.BN",="0.999999999",="0.7UUUUUUUU",="0.6QD6QD6QD",="0.5YN",="0.555555555",="0.4RRRRRRRR",="0.48GXKfbTC",="0.3cFFFFFFF",="0.3OZHVcgLA",="0.3D6QD6QD6",="0.333333333",="0.2eBN",="0.2WLTZ85Ih",="0.2PPPPPPPP",="0.2JGhQT2JG",="0.2Daaaaaaa",="0.28Z28Z28Z",="0.248GXKfbT",="0.2",="0.1g7UUUUUU",="0.1cTKB1cTK",="0.1ZHVcgLAS",="0.1WH1WH1WH",="0.1TQD6QD6Q",="0.1QiJ1QiJ1",="0.1OOOOOOOO",="0.1MBe2iNY5",="0.1K5YN",="0.1I5QMDh9Y",="0.1GAbeR2WL",="0.1EL1EL1EL",="0.1CZZZZZZZ",="0.1B8WEgCJf",="0.19VLaEO9V",="0.18BaPhTMI",="0.16fIIIIII",="0.15S2BA4MK",="0.14HO4HO4H",="0.139SeThdQ",="0.1248GXKfb",="0.111111111",="0.1",="0.0j0j0j0j",="0.0i3cFFFFF",="0.0h8KU1eGf",="0.0gEX5NgEX",="0.0fMPBXH6E",="0.0eVcgLASE",="0.0dgODeaKc",="0.0d8Nd8Nd8",="0.0cLYDHPgU",="0.0ba6QD6QD",="0.0b5TdP0b5",="0.0aM9NaM9N",="0.0ZdZ3fEbJ",="0.0ZCCCCCCC",="0.0YVUgAPTI",="0.0Y5h1MBe2",="0.0XR0XR0XR",="0.0X2eBN"
="Base 47",="0.NNNNNNNNN",="0.FVFVFVFVF",="0.BZBZBZBZB",="0.9IbS9IbS9",="0.7d7d7d7d7",="0.6XQeDK6XQ",="0.5f5f5f5f5",="0.5AKfaQ5AK",="0.4WgE4WgE4",="0.4CcLH4CcL",="0.3h3h3h3h3",="0.3ShI3ShI3",="0.3GahUA3Ga",="0.36CP36CP3",="0.2i2i2i2i2",="0.2ZiB2ZiB2",="0.2SXiID2SX",="0.2MCHEdR9g",="0.2GL72GL72",="0.2B8iZc2B8",="0.26JAW26JA",="0.222222222",="0.1j1j1j1j1",="0.1fGhBD7OK",="0.1bj91bj91",="0.1YcDhOHJ6",="0.1VfjF51Vf",="0.1T84eOERP",="0.1QTa1QTa1",="0.1OC631OC6",="0.1M1M1M1M1",="0.1Ji75WZSM",="0.1HjT1HjT1",="0.1G5HLMciE",="0.1EGjWU1EG",="0.1CX1CX1CX",="0.1B68UhDSL",="0.19U619U61",="0.18AR18AR1",="0.16fCSUiXB",="0.15RjfJ15R",="0.14HMicC14",="0.139SdOQX5",="0.1248GXJdW",="0.111111111",="0.1",="0.0k0k0k0k",="0.0j3dFGEIA",="0.0i8LT6RCA",="0.0hEZ0hEZ",="0.0gMS0gMS",="0.0fVhLDE8e",="0.0egULZW9Q",="0.0e7WMABjD",="0.0dKk7Q0dK",="0.0cZLKSeIj",="0.0c42KC7Da",="0.0bKXLNgAG",="0.0acI0acI",="0.0aA0aA0aA",="0.0ZTQP0ZTQ",="0.0Z2kBi0Z2",="0.0YOB0YOB"
="Base 48",="0.O",="0.G",="0.C",="0.9ScJ9ScJ9",="0.8",="0.6f6f6f6f6",="0.6",="0.5G",="0.4cJ9ScJ9S",="0.4HLdD4HLd",="0.4",="0.3XB3XB3XB",="0.3KRKRKRKR",="0.39ScJ9ScJ",="0.3",="0.2dPJaXgGj",="0.2W",="0.2PCUF7Rbg",="0.2J9ScJ9Sc",="0.2DYDYDYDY",="0.28YhUQ8Yh",="0.248GXIbR6",="0.2",="0.1i7WUYQgB",="0.1eTPeTPeT",="0.1bG",="0.1YDYDYDYD",="0.1VLOdYaJf",="0.1ScJ9ScJ9",="0.1QFNAeCIR",="0.1O",="0.1LdD4HLdD",="0.1JaXgGj8M",="0.1Hdb1Hdb1",="0.1G",="0.1ECkXZ1EC",="0.1CUF7Rbgj",="0.1B3XB3XB3",="0.19ScJ9ScJ",="0.189HQiNJh",="0.16f6f6f6f",="0.15RhPWHfE",="0.14HLdD4HL",="0.139ScJ9Sc",="0.1248GXIbR",="0.111111111",="0.1",="0.0l0l0l0l",="0.0k3eFHDL5",="0.0j8MSBE5V",="0.0iEaiEaiE",="0.0hMUc1cjD",="0.0gW",="0.0fgaVK3NR",="0.0f6f6f6f6",="0.0eKA52PCU",="0.0dYaJfI9i",="0.0d2L7FLkH",="0.0cJ9ScJ9S",="0.0balAB0ba",="0.0b7ZTK69D",="0.0aRKRKRKR",="0.0a"
="Base 49",="0.OOOOOOOOO",="0.GGGGGGGGG",="0.CCCCCCCCC",="0.9d9d9d9d9",="0.888888888",="0.7",="0.666666666",="0.5Lc5Lc5Lc",="0.4i4i4i4i4",="0.4MDHe4MDH",="0.444444444",="0.3bXjBF3bX",="0.3OOOOOOOO",="0.3D3D3D3D3",="0.333333333",="0.2hBPk5bN2",="0.2ZJ2ZJ2ZJ",="0.2SI2SI2SI",="0.2M2M2M2M2",="0.2GGGGGGGG",="0.2B6XK2B6X",="0.26J8PRY4C",="0.222222222",="0.1l1l1l1l1",="0.1hGl5W1hG",="0.1djI7CYNT",="0.1aaaaaaaa",="0.1XcgBeR1X",="0.1V1V1V1V1",="0.1SM6FdPEB",="0.1Q1Q1Q1Q1",="0.1Nb5k1Nb5",="0.1LUClRIa1",="0.1JTJTJTJT",="0.1HY1HY1HY",="0.1FhYL9DBj",="0.1E91E91E9",="0.1CRVK51CR",="0.1B1B1B1B1",="0.19RNiAb2J",="0.188888888",="0.16f16f16f",="0.15RfA15Rf",="0.14HKXb14H",="0.139SbDfQU",="0.1248GXHZL",="0.111111111",="0.0m0m00m0m",="0.0m0m0m0m",="0.0l3fFICO",="0.0k8NRG0k8",="0.0jEceXDgP",="0.0iMXS6HBd",="0.0hW3RUECN",="0.0gggggggg",="0.0g60g60g6",="0.0fJL5ic0f",="0.0eY2O47NC",="0.0e0e0e0e",="0.0dHWjcRFC",="0.0cZRWJb75",="0.0c5Lc5Lc5",="0.0bPD0bPD"
="Base 50",="0.P",="0.GXGXGXGXG",="0.CP",="0.A",="0.8GXGXGXGX",="0.777777777",="0.6CP",="0.5RciMB5Rc",="0.5",="0.4RDVejMaI",="0.48GXGXGXG",="0.3gFJBQk7Y",="0.3SSSSSSSS",="0.3GXGXGXGX",="0.36CP",="0.2l2l2l2l2",="0.2ciMB5Rci",="0.2VSlIL2VS",="0.2P",="0.2J2J2J2J2",="0.2DVejMaI9",="0.28Yd6Q4HJ",="0.248GXGXGX",="0.2",="0.1k7YUcN3g",="0.1gTVO3Z9C",="0.1dEEEEEEE",="0.1aAHC3MKY",="0.1XGXGXGXG",="0.1UWCj83BE",="0.1S6CP",="0.1PbhkmOC6",="0.1NQNQNQNQ",="0.1LLLLLLLL",="0.1JMB5RciM",="0.1HSIjlEhC",="0.1FdNYAQFd",="0.1E56KPW2S",="0.1CP",="0.1Amd1Amd1",="0.19Q9Q9Q9Q",="0.186mfh186",="0.16ejMaI94",="0.15RciMB5R",="0.14HJSD28Y",="0.139Sa8PQT",="0.1248GXGXG",="0.111111111",="0.1",="0.0n0n0n0n",="0.0m3gFJBQk",="0.0l8OQKbad",="0.0kEeb1gTV",="0.0jMaI94RD",="0.0iW777777",="0.0hgn670hg",="0.0h58V1aAH",="0.0gIWA8NaM",="0.0fXGXGXGX",="0.0en90en9",="0.0eG6MT1UW",="0.0dY6HN0dY",="0.0d36CP"
="Base 51",="0.PPPPPPPPP",="0.H",="0.CcCcCcCcC",="0.AAAAAAAAA",="0.8PPPPPPPP",="0.7ET7ET7ET",="0.6J6J6J6J6",="0.5Y",="0.555555555",="0.4WN9DkIRf",="0.4CcCcCcCc",="0.3l3l3l3l3",="0.3We3We3We",="0.3KKKKKKKK",="0.39SZ39SZ3",="0.3",="0.2gPPPPPPP",="0.2YjWAbTQg",="0.2S2S2S2S2",="0.2LhaLhaLh",="0.2GBU6mYdK",="0.2B4M8iHbZ",="0.26J6J6J6J",="0.222222222",="0.1n1n1n1n1",="0.1jH",="0.1fjRGK1fj",="0.1cZ8eMhnC",="0.1ZZZZZZZZ",="0.1Wk3Ef6TV",="0.1UEHR4dh1",="0.1Rfb4WN9D",="0.1PPPPPPPP",="0.1NG1NG1NG",="0.1LCcCcCcC",="0.1JF8DdnVZ",="0.1HMfUiEck",="0.1FZFZFZFZ",="0.1E1E1E1E1",="0.1CMJk1CMJ",="0.1AlIAlIAl",="0.19OkD2Inf",="0.185eSngjA",="0.16eeeeeee",="0.15RaTlYIh",="0.14HIMe7UJ",="0.139SZ39SZ",="0.1248GXFVB",="0.111111111",="0.1",="0.0o0o0o0o",="0.0n3hFKATg",="0.0m8PPPPPP",="0.0lEgXJO5S",="0.0kMd8A0kM",="0.0jWAbTQgm",="0.0ih4KBLo6",="0.0i4GLV62U",="0.0hHhHhHhH",="0.0gWUlXMTD",="0.0fmR7KSeF",="0.0fET7ET7E",="0.0eWYDRjLQ"
="Base 52",="0.Q",="0.HHHHHHHHH",="0.D",="0.AKfVAKfVA",="0.8YYYYYYYY",="0.7MEiTb7ME",="0.6Q",="0.5eN5eN5eN",="0.5AKfVAKfV",="0.4bgSIlE9N",="0.4HHHHHHHH",="0.4",="0.3b7MEiTb7",="0.3ODj3ODj3",="0.3D",="0.333333333",="0.2kBSkBSkB",="0.2cGLkRJ8A",="0.2VAKfVAKf",="0.2OdW9l2Od",="0.2IlE9NX4b",="0.2DTKI4R6e",="0.28YYYYYYY",="0.248GXET6C",="0.2",="0.1m7aUgJDP",="0.1iTb7MEiT",="0.1fCSZih1f",="0.1c6mRc6mR",="0.1ZBcUA3IN",="0.1WQ",="0.1Tmi6FdKP",="0.1RRRRRRRR",="0.1PDJGHh4N",="0.1N5eN5eN5",="0.1L4BCXbn9",="0.1J8AnDZU5",="0.1HHHHHHHH",="0.1FVAKfVAK",="0.1DnO53fiK",="0.1CJg4nRCJ",="0.1AjnUC4hR",="0.19NX4bgSI",="0.184WIPLnZ",="0.16ea92DTK",="0.15RYFPNC8",="0.14HHHHHHH",="0.139SXnjWk",="0.1248GXET6",="0.111111111",="0.1",="0.0p0p0p0p",="0.0o3iFL9Wc",="0.0n8QOUDCF",="0.0mEiTb7ME",="0.0lMfo96K3",="0.0kWEHmLQk",="0.0jh9a72XP",="0.0j3ODj3OD",="0.0iH2Sp7Yn",="0.0hVjF51ZB",="0.0gljKX0gl",="0.0gD"
="Base 53",="0.QQQQQQQQQ",="0.HZHZHZHZH",="0.DDDDDDDDD",="0.AVgLAVgLA",="0.8i8i8i8i8",="0.7UF7UF7UF",="0.6X6X6X6X6",="0.5l5l5l5l5",="0.5Flb5Flb5",="0.4hJEO4hJE",="0.4M4M4M4M4",="0.444444444",="0.3fY3fY3fY",="0.3SE73SE73",="0.3GTh3GTh3",="0.36COnkeS3",="0.2o2o2o2o2",="0.2fiXP5UaD",="0.2YNj2YNj2",="0.2ReKA52Re",="0.2La7C2La7",="0.2G6mKd9BR",="0.2B2B2B2B2",="0.26J4Cc8PN",="0.222222222",="0.1p1p1p1p1",="0.1lH1lH1lH",="0.1hjaTCg1h",="0.1eXU1eXU1",="0.1bWPYADZl",="0.1YfLS8Em1",="0.1W6MPanfe",="0.1TWcpNKE1",="0.1RDXGYhmO",="0.1P1P1P1P1",="0.1MmbClEHA",="0.1KmhCTFI6",="0.1J1J1J1J1",="0.1HBn1HBn1",="0.1FR7e3kSN",="0.1DkaVT1Dk",="0.1CHDTUh7K",="0.1AiU61AiU",="0.19MK19MK1",="0.183OAJV5e",="0.16eVUNa4R",="0.15RW15RW1",="0.14HGBlVJO",="0.139SWjUdB",="0.1248GXDR1",="0.111111111",="0.1",="0.0q0q0q0q",="0.0p3jFM8ZY",="0.0o8RNZ0o8",="0.0nEkQ1jTd",="0.0mMif6L0m",="0.0lWHpAfH3",="0.0khF0khF",="0.0k2W7hNOH",="0.0jGChVXHo",="0.0iV6cb0iV",="0.0hlAeUXoR"
="Base 54",="0.R",="0.I",="0.DR",="0.AhAhAhAhA",="0.9",="0.7cUkFN7cU",="0.6eR",="0.6",="0.5LWLWLWLW",="0.4n4n4n4n4",="0.4R",="0.48GXCOnjb",="0.3kFN7cUkF",="0.3WLWLWLWL",="0.3KDR",="0.39SVfFlYo",="0.3",="0.2jPVEBJmH",="0.2bhAhAhAh",="0.2UkFN7cUk",="0.2OTOTOTOT",="0.2IgE4bUS9",="0.2DR",="0.28YUCpjJN",="0.248GXCOnj",="0.2",="0.1o7cUkFN7",="0.1kTgibD1k",="0.1hAhAhAhA",="0.1e3Q6qDoR",="0.1b6eR",="0.1YJYJYJYJ",="0.1VfFlYoiP",="0.1TGqOb1TG",="0.1R",="0.1OhgHRdLm",="0.1MdgY5ap8",="0.1KfT48GXC",="0.1ImWLWLWL",="0.1H6VWo2YD",="0.1FN7cUkFN",="0.1DhpQK51D",="0.1CEdEdEdE",="0.1AhAhAhAh",="0.19L72IgE4",="0.182G4W9AI",="0.16eR",="0.15RTeflKo",="0.14HF6Pnac",="0.139SVfFlY",="0.1248GXCOn",="0.111111111",="0.1",="0.0r0r0r0r",="0.0q3kFN7cU",="0.0p8SMdgY5",="0.0oEmMIXRo",="0.0nMlW1ijf",="0.0mWLWLWLW",="0.0lhKJPaFo",="0.0l1e3Q6qD",="0.0kFN7cUkF",="0.0jUKDR"
="Base 55",="0.RRRRRRRRR",="0.IIIIIIIII",="0.DfDfDfDfD",="0.B",="0.999999999",="0.7l7l7l7l7",="0.6m6m6m6m6",="0.666666666",="0.5RRRRRRRR",="0.5",="0.4W4W4W4W4",="0.4Cc4Cc4Cc",="0.3p3p3p3p3",="0.3aaaaaaaa",="0.3O3O3O3O3",="0.3Cpg3Cpg3",="0.333333333",="0.2nBVkHKEQ",="0.2fDfDfDfD",="0.2Y2Y2Y2Y2",="0.2RRRRRRRR",="0.2LScEJ79V",="0.2G2G2G2G2",="0.2B",="0.26J26J26J",="0.222222222",="0.1r1r1r1r1",="0.1nH3hY7WD",="0.1jjjjjjjj",="0.1gVpOk75H",="0.1dTC1dTC1",="0.1aaaaaaaa",="0.1XrL1XrL1",="0.1VNVNVNVN",="0.1T1T1T1T1",="0.1QfYAMGJH",="0.1OXFoaA7D",="0.1MV1MV1MV",="0.1KYKYKYKY",="0.1IgoraC41",="0.1H1H1H1H1",="0.1FJAChQlH",="0.1DfDfDfDf",="0.1CCCCCCCC",="0.1AfkYb3WF",="0.19Jn8ATE2",="0.181818181",="0.16eMOc8rm",="0.15RRRRRRR",="0.14HE14HE1",="0.139SUb139",="0.1248GXBMj",="0.111111111",="0.1",="0.0s0s0s0s",="0.0r3lFO6fR",="0.0q8TLiVG6",="0.0pEoIZNGg",="0.0oMoMoMoM",="0.0nWPDSkmb",="0.0mhPdoV2a",="0.0m0m0m0m",="0.0lEXSJg6"
="Base 56",="0.S",="0.IbIbIbIbI",="0.E",="0.BBBBBBBBB",="0.9IbIbIbIb",="0.8",="0.7",="0.6COnhV6CO",="0.5XXXXXXXX",="0.555555555",="0.4bIbIbIbI",="0.4HCpch4HC",="0.4",="0.3f3f3f3f3",="0.3S",="0.3GQJgk6Wq",="0.36COnhV6C",="0.2r2r2r2r2",="0.2iiiiiiii",="0.2bIbIbIbI",="0.2UUUUUUUU",="0.2OJQhkEY4",="0.2IbIbIbIb",="0.2DOZl2DOZ",="0.28YPlLU8Y",="0.248GXAKfQ",="0.2",="0.1q7eUoBWk",="0.1mTmTmTmT",="0.1j91j91j9",="0.1g",="0.1d1d1d1d1",="0.1aD9nN3GQ",="0.1XXXXXXXX",="0.1V6COnhV6",="0.1SgLAXGaI",="0.1QTQTQTQT",="0.1OMsVX1OM",="0.1MMMMMMMM",="0.1KRHgJ6kO",="0.1IbIbIbIb",="0.1Gq5BeKkn",="0.1FFFFFFFF",="0.1DcWJp1Dc",="0.1C9fLp7H2",="0.1AeSXKEGc",="0.19IbIbIbI",="0.17tt000tt",="0.16eHpT6eH",="0.15RPEFKmH",="0.14HCpch4H",="0.139STWgEi",="0.1248GXAKf",="0.111111111",="0.1",="0.0t0t0t0t",="0.0s3mFP5iN",="0.0r8UKnJqB",="0.0qEqEqEqE",="0.0pMrDh8Ec",="0.0oWSoWSoW",="0.0nhV6COnh",="0.0n"
="Base 57",="0.SSSSSSSSS",="0.J",="0.EEEEEEEEE",="0.BMjYBMjYB",="0.9SSSSSSSS",="0.888888888",="0.777777777",="0.6J",="0.5dpH5dpH5",="0.5AKfPpkaF",="0.4gggggggg",="0.4LqZ4LqZ4",="0.444444444",="0.3jYBMjYBM",="0.3W3W3W3W3",="0.3K6eDNQkr",="0.39SSSSSSS",="0.3",="0.2mPb2mPb2",="0.2eeeeeeee",="0.2XcnCsNI7",="0.2REnWCMHJ",="0.2LLLLLLLL",="0.2Fsf2Fsf2",="0.2Ask2Ask2",="0.26J",="0.222222222",="0.1t1t1t1t1",="0.1pH5dpH5d",="0.1ljt9B1lj",="0.1iUG1iUG1",="0.1fPpkaFV5",="0.1cVmZBfpt",="0.1ZlD1ZlD1",="0.1XEEEEEEE",="0.1UkCIRfXo",="0.1SSSSSSSS",="0.1QHUdQHUd",="0.1OCl1OCl1",="0.1MDpP1MDp",="0.1KKKKKKKK",="0.1IVkMURlf",="0.1Glr6RBbW",="0.1FBMjYBMj",="0.1DZrG6B8c",="0.1C7FhbXsW",="0.1AdAdAdAd",="0.19HPXfo19",="0.17tn17tn1",="0.16eDNQkra",="0.15RN15RN1",="0.14HBlIG7U",="0.139SSSSSS",="0.1248GX9Ib",="0.111111111",="0.1",="0.0u0u0u0u",="0.0t3nFQ4lJ",="0.0s8VJs8VJ",="0.0rEsBC8NK",="0.0qMu4Y0qM",="0.0pWWWWWWW",="0.0ohaTMF8"
="Base 58",="0.T",="0.JJJJJJJJJ",="0.ET",="0.BYkNBYkNB",="0.9cccccccc",="0.8GX8GX8GX",="0.7ET",="0.6Pj6Pj6Pj",="0.5kNBYkNBY",="0.5FlQL5FlQ",="0.4mJJJJJJJ",="0.4QiZe8rVD",="0.48GX8GX8G",="0.3oFR3oFR3",="0.3aET",="0.3NpADbUes",="0.3CpWCpWCp",="0.333333333",="0.2qBYkNBYk",="0.2iB2iB2iB",="0.2aqgAVaqg",="0.2UF7WjMeK",="0.2O9cccccc",="0.2IWRmfi4b",="0.2DMHn4QiZ",="0.28YLRrelF",="0.248GX8GX8",="0.2",="0.1s7gUs7gU",="0.1oTsEu7S3",="0.1l7ET",="0.1hsS71hsS",="0.1esY6liKR",="0.1c6aQTm3I",="0.1ZPj6Pj6P",="0.1WrHE6FdA",="0.1UUUUUUUU",="0.1SEoWfbAN",="0.1Q5kNBYkN",="0.1O2m5cBIM",="0.1M5UM5UM5",="0.1KDSIpEmW",="0.1IQL5FlQL",="0.1GhldtOSK",="0.1F7WjMeKA",="0.1DXITZjcE",="0.1C4mJJJJJ",="0.1Aboq4gZT",="0.19GDrKp2I",="0.17tg4VmqI",="0.16e8rVDMH",="0.15RKjtl3G",="0.14HAgtnNa",="0.139SROEiG",="0.1248GX8GX",="0.111111111",="0.1",="0.0v0v0v0v",="0.0u3oFR3oF",="0.0t8WJ0t8W",="0.0sEu7S3h1",="0.0rN0rN0rN",="0.0qWaET"
="Base 59",="0.TTTTTTTTT",="0.JdJdJdJdJ",="0.EiEiEiEiE",="0.BlBlBlBlC",="0.9n9n9n9n9",="0.8PGoXg8PG",="0.7M7M7M7M7",="0.6WjqQD6Wj",="0.5r5r5r5r6",="0.5LQmG5LQm",="0.4s4s4s4s4",="0.4VjMensRD",="0.4CbskL4Cb",="0.3t3t3t3t3",="0.3eXB3eXB3",="0.3Rj6tVDq3",="0.3GMtga3GM",="0.36COneLhR",="0.2u2u2u2u3",="0.2liuBE2li",="0.2eDO82eDO",="0.2XKUkAFN5",="0.2R2R2R2R2",="0.2LE9Pubin",="0.2FqBKOuh6",="0.2Asb8hfUY",="0.26Iuqe26I",="0.222222222",="0.1v1v1v1v1",="0.1rH7a9UQc",="0.1nk5VKGZ1",="0.1kSZif78t",="0.1hMWvFaQ1",="0.1eQvIW1eQ",="0.1bevLI1be",="0.1Z4kEKh3B",="0.1WZfsKApD",="0.1UF7XGbmO",="0.1S1S1S1S1",="0.1PrEN1PrE",="0.1NpvZ71Np",="0.1LuF5Sm1L",="0.1K6fXUnaC",="0.1IKvec1IL",="0.1GdiqYbBW",="0.1F3jBHXqg",="0.1DUh1DUh1",="0.1C2O4m9bJ",="0.1AaYCvmMO",="0.19F2IU4b1",="0.17tZACSLW",="0.16e4QgHlp",="0.15RIXpKik",="0.14H9caRqX",="0.139SQK139",="0.1248GX7ES",="0.111111111",="0.1",="0.0w0w0w0w",="0.0v3pFS2rB",="0.0u8XI4igm",="0.0tEw3i0tE",="0.0sN2jA8HU"
="Base 60",="0.U",="0.K",="0.F",="0.C",="0.A",="0.8YH8YH8Y",="0.7U",="0.6e",="0.6",="0.5RGLn5RG",="0.5",="0.4atN4atN",="0.4H8YH8YH",="0.4",="0.3j",="0.3VjquSE7",="0.3K",="0.39SPFlM6",="0.3",="0.2pPgpPgp",="0.2hcAsWhc",="0.2aVIFd7n",="0.2U",="0.2O",="0.2IRfWIRf",="0.2DK",="0.28YH8YH8",="0.248GX6CO",="0.2",="0.1u7iUw3q",="0.1qU",="0.1n5RGLn5",="0.1jquSE73",="0.1gpPgpPg",="0.1e",="0.1bHoGCwM",="0.1YiCbrf3",="0.1WIRfWIR",="0.1U",="0.1RmHXdUh",="0.1PgpPgpP",="0.1NhFKtmo",="0.1Ln5RGLn",="0.1K",="0.1IFd7nXs",="0.1GZiep3n",="0.1F",="0.1DS9ljIM",="0.1C",="0.1AZHcnOg",="0.19Dok9Do",="0.17tSI6lW",="0.16e",="0.15RGLn5R",="0.14H8YH8Y",="0.139SPFlM",="0.1248GX6C",="0.11111111",="0.1",="0.0x0x0x0x",="0.0w3qFT1u",="0.0v8YH8YH",="0.0uF"
="Base 61",="0.UUUUUUUU",="0.KKKKKKKK",="0.FFFFFFFF",="0.CCCCCCCC",="0.AAAAAAAA",="0.8hYqHQ8h",="0.7c7c7c7c",="0.6lR6lR6l",="0.66666666",="0.5XGcntRi",="0.55555555",="0.4gE4gE4g",="0.4LludD4L",="0.44444444",="0.3nYJ3nYJ",="0.3ZroELWH",="0.3Ni3Ni3N",="0.3CpMSsZJ",="0.33333333",="0.2tBbkT2t",="0.2l8JOwDq",="0.2dlj5IYT",="0.2X2X2X2X",="0.2QpEd2Qp",="0.2L72L72L",="0.2FnguTMa",="0.2AsSJb2A",="0.26IumN8P",="0.22222222",="0.1x1x1x1x",="0.1tH9WOle",="0.1pkCvITZ",="0.1mQtbfG8",="0.1jJARs1j",="0.1gM1gM1g",="0.1dYbu3I8",="0.1auBERHe",="0.1YP1YP1Y",="0.1W1W1W1W",="0.1Tk7QlbB",="0.1RaIrj1R",="0.1PWcIQw9",="0.1NYeCT6u",="0.1Lg1Lg1L",="0.1JsMX9HE",="0.1IANM3sV",="0.1GVl1GVl",="0.1EvGBCRN",="0.1DPbo1DP",="0.1Bwb4lpQ",="0.1AY1AY1A",="0.19CeHG6t",="0.17tLSEfm",="0.16duYNHj",="0.15RE9n15",="0.14H7TwqQ",="0.139SOBYh",="0.1248GX5A",="0.11111111",="0.1",="0.0y0y0y0y",="0.0x3rFU0x",="0.0w8ZGCNo"
="Base 62",="0.V",="0.KfKfKfKf",="0.FV",="0.COnbCOnb",="0.AKfKfKfK",="0.8r8r8r8r",="0.7kV",="0.6t6t6t6t",="0.6COnbCOn",="0.5dSBGuMX",="0.5AKfKfKf",="0.4lgvEJ4l",="0.4QZQZQZQ",="0.48GX48GX",="0.3sFV",="0.3e7IEaTA",="0.3RYRYRYR",="0.3GJZtTMq",="0.36COnbCO",="0.2x2x2x2x",="0.2oj5dSBG",="0.2h85OGAm",="0.2aAKfKfK",="0.2Tl7RHMJ",="0.2NqSc9XN",="0.2IMxhd2I",="0.2DHiHiHi",="0.28YCpJEx",="0.248GX48G",="0.2",="0.1w7kV",="0.1sU3ky7V",="0.1p3e7IEa",="0.1lpN1lpN",="0.1imDmDmD",="0.1ftIQoGk",="0.1d9mwjgQ",="0.1aYyPR1a",="0.1Y6COnbC",="0.1VksRDbn",="0.1TWTWTWT",="0.1ROVihFr",="0.1PMXoj5d",="0.1NQB1NQB",="0.1LZ2h85O",="0.1Jmo7uiq",="0.1I5AKfKf",="0.1GRpsPIy",="0.1EsYidg9",="0.1DN64rUO",="0.1BvEJ4lg",="0.1AWkn8Bh",="0.19BTqoW9",="0.17tEea4V",="0.16dr8r8r",="0.15RBxp7c",="0.14H6PecT",="0.139SN7M4",="0.1248GX48",="0.11111111",="0.1",="0.0z0z0z0z",="0.0y3sFV"
="Base 63",="0.VVVVVVVV",="0.L",="0.FlFlFlFl",="0.CboPCboP",="0.AVVVVVVV",="0.9",="0.7t7t7t7t",="0.7",="0.6Iui6Iui",="0.5jpYMvHB",="0.5FlFlFlF",="0.4rJOEXw9",="0.4VVVVVVV",="0.4CboPCbo",="0.3x3x3x3x",="0.3iTemB7P",="0.3VVVVVVV",="0.3JuNDGaT",="0.39SM39SM",="0.3",="0.2sPmgy8b",="0.2kZcLvWs",="0.2dNdNdNd",="0.2WltRjMg",="0.2QfC7Gya",="0.2L",="0.2FlFlFlF",="0.2AsJYlny",="0.26Iui6Iu",="0.22222222",="0.1z1z1z1z",="0.1vHBSe5j",="0.1rkKO5ZC",="0.1oPCboPC",="0.1lFlFlFl",="0.1iH1iH1i",="0.1fSBc8IE",="0.1cmT4rJO",="0.1aEB1aEB",="0.1XoiZLWG",="0.1VVVVVVV",="0.1TJ2wc5s",="0.1RCtqzZo",="0.1PCboPCb",="0.1NHogSlw",="0.1LS9O82g",="0.1JhJhJhJ",="0.1I",="0.1GNxDsBL",="0.1Eptb3iT",="0.1DKbZ8UI",="0.1BtsgnwF",="0.1AVVVVVV",="0.19AJTnG2",="0.17t7t7t7",="0.16dnkQX9",="0.15R9mtOz",="0.14H5LMQh",="0.139SM39S",="0.1248GX36",="0.11111111",="0.1",="0.0+0+0+0+"
="Base 64",="0.W",="0.LLLLLLLL",="0.G",="0.CpCpCpCp",="0.Aggggggg",="0.99999999",="0.8",="0.77777777",="0.6PcPcPcP",="0.5qNHT5qN",="0.5LLLLLLL",="0.4x4x4x4x",="0.4aaaaaaa",="0.4H4H4H4H",="0.4",="0.3myF3myF",="0.3ZZZZZZZ",="0.3Nb3Nb3N",="0.3CpCpCpC",="0.33333333",="0.2wBekYwB",="0.2o5aB8MG",="0.2ggggggg",="0.2ZrmezSA",="0.2TYTYTYT",="0.2Nj2Nj2N",="0.2IIIIIII",="0.2DFSi8qz",="0.28Y8Y8Y8",="0.248GX248",="0.2",="0.1y7mV1y7",="0.1uU7XuU7",="0.1r1r1r1r",="0.1nnnnnnn",="0.1ki+HJ1k",="0.1hoXhoXh",="0.1f1f1f1f",="0.1cPcPcPc",="0.1ZvmO+S6",="0.1XXXXXXX",="0.1VGNq5z1",="0.1T5qNHT5",="0.1R1R1R1R",="0.1P2o5aB8",="0.1N9Y2kJ4",="0.1LLLLLLL",="0.1JbuASl1",="0.1HwuKUk5",="0.1GK51GK5",="0.1EnEnEnE",="0.1DI7FihU",="0.1BsXBsXB",="0.1AUGIda4",="0.19999999",="0.17t17t17",="0.16dkM4QU",="0.15R7bzr9",="0.14H4H4H4",="0.139SK+ys",="0.1248GX24",="0.11111111",="0.1"
